Workbook

Sheet Q-values
B1: albae | C1: stellatae | D1: mac-N | E1: mac - all (strongest N) | F1: bicolor_lyrata | G1: muehlenbergii | H1: mac-all (strongest S) | I1: mac-IL | J1: mac-S | K1: species | L1: cohort
A2: MOR0001 | B2: 1e-05 | C2: 1e-05 | D2: 0.078248 | E2: 0.430639 | F2: 0.00595 | G2: 1e-05 | H2: 0.414044 | I2: 0.063144 | J2: 0.007944 | K2: =VLOOKUP(A2,metadata!A:AC,29,) -> macrocarpa_IL | L2: 2021
A3: MOR0004 | B3: 1e-05 | C3: 1e-05 | D3: 0.384837 | E3: 0.276489 | F3: 1e-05 | G3: 1e-05 | H3: 1e-05 | I3: 0.222749 | J3: 0.115875 | K3: =VLOOKUP(A3,metadata!A:AC,29,) -> macrocarpa_IL | L3: 2021
A4: MOR0005 | B4: 1e-05 | C4: 1e-05 | D4: 0.695745 | E4: 0.228602 | F4: 0.003807 | G4: 0.005102 | H4: 1e-05 | I4: 0.066705 | J4: 1e-05 | K4: =VLOOKUP(A4,metadata!A:AC,29,) -> macrocarpa_IL | L4: 2021
A5: MOR0006 | B5: 1e-05 | C5: 1e-05 | D5: 0.419759 | E5: 0.423061 | F5: 0.001282 | G5: 1e-05 | H5: 1e-05 | I5: 0.098695 | J5: 0.057162 | K5: =VLOOKUP(A5,metadata!A:AC,29,) -> macrocarpa_IL | L5: 2021
A6: MOR0007 | B6: 1e-05 | C6: 1e-05 | D6: 0.10549 | E6: 0.377596 | F6: 0.012539 | G6: 1e-05 | H6: 0.396512 | I6: 1e-05 | J6: 0.107822 | K6: =VLOOKUP(A6,metadata!A:AC,29,) -> macrocarpa_IL | L6: 2021
A7: MOR0008 | B7: 1e-05 | C7: 1e-05 | D7: 0.083803 | E7: 0.171017 | F7: 1e-05 | G7: 1e-05 | H7: 0.74512 | I7: 1e-05 | J7: 1e-05 | K7: =VLOOKUP(A7,metadata!A:AC,29,) -> macrocarpa_MN | L7: 2021
A8: MOR0009 | B8: 1e-05 | C8: 1e-05 | D8: 0.055346 | E8: 0.599547 | F8: 0.01429 | G8: 0.00111 | H8: 0.094583 | I8: 0.120922 | J8: 0.114182 | K8: =VLOOKUP(A8,metadata!A:AC,29,) -> macrocarpa_IL | L8: 2021
A9: MOR0012 | B9: 1e-05 | C9: 1e-05 | D9: 0.078719 | E9: 0.291933 | F9: 1e-05 | G9: 1e-05 | H9: 0.607359 | I9: 1e-05 | J9: 0.021938 | K9: =VLOOKUP(A9,metadata!A:AC,29,) -> macrocarpa_IL | L9: 2021
A10: MOR0013 | B10: 1e-05 | C10: 1e-05 | D10: 0.515193 | E10: 0.414983 | F10: 1e-05 | G10: 0.013378 | H10: 0.004525 | I10: 0.05188 | J10: 1e-05 | K10: =VLOOKUP(A10,metadata!A:AC,29,) -> macrocarpa_MN | L10: 2021
A11: MOR0015 | B11: 1e-05 | C11: 1e-05 | D11: 0.095441 | E11: 0.483782 | F11: 1e-05 | G11: 1e-05 | H11: 0.391702 | I11: 0.027763 | J11: 0.001271 | K11: =VLOOKUP(A11,metadata!A:AC,29,) -> macrocarpa_MN | L11: 2021
A12: MOR0016 | B12: 0.003105 | C12: 0.005412 | D12: 0.534258 | E12: 0.407514 | F12: 0.004541 | G12: 1e-05 | H12: 1e-05 | I12: 0.039257 | J12: 0.005892 | K12: =VLOOKUP(A12,metadata!A:AC,29,) -> macrocarpa_MN | L12: 2021
A13: MOR0018 | B13: 1e-05 | C13: 1e-05 | D13: 0.126281 | E13: 0.269351 | F13: 0.003008 | G13: 1e-05 | H13: 0.584526 | I13: 1e-05 | J13: 0.016795 | K13: =VLOOKUP(A13,metadata!A:AC,29,) -> macrocarpa_MN | L13: 2021
... A391: MOR0600 | B391: 1e-05 | C391: 1e-05 | D391: 0.269783 | E391: 0.422253 | F391: 0.01193 | G391: 1e-05 | H391: 0.230431 | I391: 1e-05 | J391: 0.065563 | K391: =VLOOKUP(A391,metadata!A:AC,29,) -> macrocarpa_MN | L391: 2021
A392: MOR0602 | B392: 1e-05 | C392: 1e-05 | D392: 0.278373 | E392: 0.477968 | F392: 1e-05 | G392: 0.001958 | H392: 0.241651 | I392: 1e-05 | J392: 1e-05 | K392: =VLOOKUP(A392,metadata!A:AC,29,) -> macrocarpa_MN | L392: 2023
A393: MOR0604 | B393: 0.002564 | C393: 1e-05 | D393: 0.094066 | E393: 0.275542 | F393: 0.001582 | G393: 0.007316 | H393: 0.529221 | I393: 0.027902 | J393: 0.061798 | K393: =VLOOKUP(A393,metadata!A:AC,29,) -> macrocarpa_IL | L393: 2023
A394: MOR0605 | B394: 1e-05 | C394: 1e-05 | D394: 0.070476 | E394: 0.412337 | F394: 1e-05 | G394: 1e-05 | H394: 0.457059 | I394: 1e-05 | J394: 0.060078 | K394: =VLOOKUP(A394,metadata!A:AC,29,) -> macrocarpa_IL | L394: 2023
A395: MOR0606 | B395: 1e-05 | C395: 1e-05 | D395: 0.790528 | E395: 0.110664 | F395: 0.00149 | G395: 1e-05 | H395: 0.00813 | I395: 0.089148 | J395: 1e-05 | K395: =VLOOKUP(A395,metadata!A:AC,29,) -> macrocarpa_MN | L395: 2023
A396: MOR0607 | B396: 0.003808 | C396: 0.004568 | D396: 1e-05 | E396: 0.082536 | F396: 0.005208 | G396: 1e-05 | H396: 0.569109 | I396: 1e-05 | J396: 0.33474 | K396: =VLOOKUP(A396,metadata!A:AC,29,) -> macrocarpa_OK | L396: 2023
A397: MOR0608 | B397: 1e-05 | C397: 0.000704 | D397: 0.334453 | E397: 0.42393 | F397: 0.001484 | G397: 1e-05 | H397: 0.113045 | I397: 0.079938 | J397: 0.046427 | K397: =VLOOKUP(A397,metadata!A:AC,29,) -> macrocarpa_IL | L397: 2023
A398: MOR0612 | B398: 1e-05 | C398: 0.003045 | D398: 0.644657 | E398: 0.203553 | F398: 1e-05 | G398: 1e-05 | H398: 1e-05 | I398: 0.116376 | J398: 0.032328 | K398: =VLOOKUP(A398,metadata!A:AC,29,) -> macrocarpa_MN | L398: 2023
A399: MOR0614 | B399: 1e-05 | C399: 1e-05 | D399: 0.619361 | E399: 0.050017 | F399: 1e-05 | G399: 0.000955 | H399: 0.004313 | I399: 0.252458 | J399: 0.072865 | K399: =VLOOKUP(A399,metadata!A:AC,29,) -> macrocarpa_IL | L399: 2023
A400: MOR0615 | B400: 1e-05 | C400: 0.000752 | D400: 0.226937 | E400: 0.422347 | F400: 0.002312 | G400: 1e-05 | H400: 0.334128 | I400: 0.007276 | J400: 0.006227 | K400: =VLOOKUP(A400,metadata!A:AC,29,) -> macrocarpa_MN | L400: 2023
A401: MOR0616 | B401: 0.001974 | C401: 1e-05 | D401: 0.557355 | E401: 0.220796 | F401: 0.010431 | G401: 1e-05 | H401: 1e-05 | I401: 0.041993 | J401: 0.16742 | K401: =VLOOKUP(A401,metadata!A:AC,29,) -> macrocarpa_IL | L401: 2023
A402: MOR0617 | B402: 1e-05 | C402: 0.004648 | D402: 0.56822 | E402: 0.3241 | F402: 1e-05 | G402: 1e-05 | H402: 0.01182 | I402: 0.044189 | J402: 0.046993 | K402: =VLOOKUP(A402,metadata!A:AC,29,) -> macrocarpa_IL | L402: 2023
A403: MOR0618 | B403: 0.005622 | C403: 0.008946 | D403: 0.182667 | E403: 0.330723 | F403: 0.002876 | G403: 1e-05 | H403: 0.457146 | I403: 0.012 | J403: 1e-05 | K403: =VLOOKUP(A403,metadata!A:AC,29,) -> macrocarpa_MN | L403: 2023
... A720: MOR1000 | B720: 0.000641 | C720: 0.007071 | D720: 0.504208 | E720: 0.402353 | F720: 1e-05 | G720: 1e-05 | H720: 0.054733 | I720: 0.006524 | J720: 0.02445 | K720: =VLOOKUP(A720,metadata!A:AC,29,) -> macrocarpa_MN | L720: 2023
A721: OAK.MOR.001245 | B721: 0.00727 | C721: 1e-05 | D721: 1e-05 | E721: 1e-05 | F721: 0.007761 | G721: 0.955808 | H721: 1e-05 | I721: 0.029022 | J721: 9.9e-05 | K721: =VLOOKUP(A721,metadata!A:AC,29,) -> muehlenbergii
A722: OAK.MOR.001369 | B722: 1e-05 | C722: 0.99992 | D722: 1e-05 | E722: 1e-05 | F722: 1e-05 | G722: 1e-05 | H722: 1e-05 | I722: 1e-05 | J722: 1e-05 | K722: =VLOOKUP(A722,metadata!A:AC,29,) -> stellata
A723: OAK.MOR.001370 | B723: 0.264272 | C723: 0.018769 | D723: 0.149131 | E723: 1e-05 | F723: 0.000797 | G723: 0.304751 | H723: 0.024284 | I723: 0.237976 | J723: 1e-05 | K723: =VLOOKUP(A723,metadata!A:AC,29,) -> muehlenbergii
A724: OAK.MOR.001372 | B724: 1e-05 | C724: 0.999916 | D724: 1e-05 | E724: 1e-05 | F724: 1e-05 | G724: 1e-05 | H724: 1e-05 | I724: 1.4e-05 | J724: 1e-05 | K724: =VLOOKUP(A724,metadata!A:AC,29,) -> stellata
A725: OAK.MOR.001377 | B725: 1e-05 | C725: 0.99992 | D725: 1e-05 | E725: 1e-05 | F725: 1e-05 | G725: 1e-05 | H725: 1e-05 | I725: 1e-05 | J725: 1e-05 | K725: =VLOOKUP(A725,metadata!A:AC,29,) -> stellata
A726: OAK.MOR.001378 | B726: 1e-05 | C726: 0.99992 | D726: 1e-05 | E726: 1e-05 | F726: 1e-05 | G726: 1e-05 | H726: 1e-05 | I726: 1e-05 | J726: 1e-05 | K726: =VLOOKUP(A726,metadata!A:AC,29,) -> stellata
A727: OAK.MOR.001383 | B727: 1e-05 | C727: 0.020433 | D727: 1e-05 | E727: 1e-05 | F727: 1e-05 | G727: 0.929293 | H727: 1e-05 | I727: 0.049919 | J727: 0.000305 | K727: =VLOOKUP(A727,metadata!A:AC,29,) -> muehlenbergii
A728: OAK.MOR.001465 | B728: 1e-05 | C728: 0.99992 | D728: 1e-05 | E728: 1e-05 | F728: 1e-05 | G728: 1e-05 | H728: 1e-05 | I728: 1e-05 | J728: 1e-05 | K728: =VLOOKUP(A728,metadata!A:AC,29,) -> stellata
A729: OAK.MOR.001468 | B729: 1e-05 | C729: 0.966219 | D729: 1e-05 | E729: 0.033711 | F729: 1e-05 | G729: 1e-05 | H729: 1e-05 | I729: 1e-05 | J729: 1e-05 | K729: =VLOOKUP(A729,metadata!A:AC,29,) -> stellata
A730: SYST.MOR.0006717 | B730: 0.879815 | C730: 0.026475 | D730: 1e-05 | E730: 1e-05 | F730: 0.047751 | G730: 0.006448 | H730: 1e-05 | I730: 0.014628 | J730: 0.024853 | K730: =VLOOKUP(A730,metadata!A:AC,29,) -> michauxii
A731: SYST.MOR.0006718 | B731: 0.906566 | C731: 0.019605 | D731: 1e-05 | E731: 1e-05 | F731: 0.068545 | G731: 0.005233 | H731: 1e-05 | I731: 1e-05 | J731: 1e-05 | K731: =VLOOKUP(A731,metadata!A:AC,29,) -> michauxii
A732: SYST.MOR.0006719 | B732: 0.875475 | C732: 0.045405 | D732: 1e-05 | E732: 0.026361 | F732: 0.032524 | G732: 0.020195 | H732: 1e-05 | I732: 1e-05 | J732: 1e-05 | K732: =VLOOKUP(A732,metadata!A:AC,29,) -> michauxii
A733: SYST.MOR.0006721 | B733: 0.018535 | C733: 1e-05 | D733: 0.107765 | E733: 1e-05 | F733: 0.005435 | G733: 0.00433 | H733: 1e-05 | I733: 0.139613 | J733: 0.724292 | K733: =VLOOKUP(A733,metadata!A:AC,29,) -> macrocarpa | L733: NA
A734: SYST.MOR.0006726 | B734: 1e-05 | C734: 1e-05 | D734: 1e-05 | E734: 1e-05 | F734: 1e-05 | G734: 0.99992 | H734: 1e-05 | I734: 1e-05 | J734: 1e-05 | K734: =VLOOKUP(A734,metadata!A:AC,29,) -> muehlenbergii
A735: SYST.MOR.0006727 | B735: 0.008827 | C735: 0.018787 | D735: 1e-05 | E735: 0.052364 | F735: 1e-05 | G735: 0.919972 | H735: 1e-05 | I735: 1e-05 | J735: 1e-05 | K735: =VLOOKUP(A735,metadata!A:AC,29,) -> muehlenbergii
A736: SYST.MOR.0006728 | B736: 1e-05 | C736: 1e-05 | D736: 1e-05 | E736: 1e-05 | F736: 1e-05 | G736: 0.99992 | H736: 1e-05 | I736: 1e-05 | J736: 1e-05 | K736: =VLOOKUP(A736,metadata!A:AC,29,) -> muehlenbergii
A737: SYST.MOR.0006729 | B737: 0.003869 | C737: 0.001341 | D737: 0.545162 | E737: 0.168803 | F737: 0.042835 | G737: 1e-05 | H737: 1e-05 | I737: 0.05056 | J737: 0.18741 | K737: =VLOOKUP(A737,metadata!A:AC,29,) -> macrocarpa | L737: NA
A738: SYST.MOR.0006730 | B738: 0.99992 | C738: 1e-05 | D738: 1e-05 | E738: 1e-05 | F738: 1e-05 | G738: 1e-05 | H738: 1e-05 | I738: 1e-05 | J738: 1e-05 | K738: =VLOOKUP(A738,metadata!A:AC,29,) -> alba | L738: NA
A739: SYST.MOR.0006732 | B739: 0.99992 | C739: 1e-05 | D739: 1e-05 | E739: 1e-05 | F739: 1e-05 | G739: 1e-05 | H739: 1e-05 | I739: 1e-05 | J739: 1e-05 | K739: =VLOOKUP(A739,metadata!A:AC,29,) -> alba | L739: NA
A740: SYST.MOR.0006742 | B740: 1e-05 | C740: 0.99992 | D740: 1e-05 | E740: 1e-05 | F740: 1e-05 | G740: 1e-05 | H740: 1e-05 | I740: 1e-05 | J740: 1e-05 | K740: =VLOOKUP(A740,metadata!A:AC,29,) -> stellata
A741: SYST.MOR.0006743 | B741: 0.972803 | C741: 1e-05 | D741: 1e-05 | E741: 1e-05 | F741: 1e-05 | G741: 0.014596 | H741: 0.005816 | I741: 0.004779 | J741: 0.001965 | K741: =VLOOKUP(A741,metadata!A:AC,29,) -> alba | L741: NA
A742: SYST.MOR.0006744 | B742: 0.012517 | C742: 0.017793 | D742: 1e-05 | E742: 0.05261 | F742: 1e-05 | G742: 0.899871 | H742: 0.017168 | I742: 1e-05 | J742: 1e-05 | K742: =VLOOKUP(A742,metadata!A:AC,29,) -> muehlenbergii
A743: SYST.MOR.0006746 | B743: 0.678721 | C743: 0.060846 | D743: 1e-05 | E743: 0.088068 | F743: 1e-05 | G743: 1e-05 | H743: 0.172315 | I743: 1e-05 | J743: 1e-05 | K743: =VLOOKUP(A743,metadata!A:AC,29,) -> alba | L743: NA
A744: SYST.MOR.0006747 | B744: 0.001363 | C744: 0.870871 | D744: 1e-05 | E744: 0.087612 | F744: 1e-05 | G744: 1e-05 | H744: 0.040103 | I744: 1e-05 | J744: 1e-05 | K744: =VLOOKUP(A744,metadata!A:AC,29,) -> stellata
A745: SYST.MOR.0006748 | B745: 0.048157 | C745: 0.758328 | D745: 1e-05 | E745: 0.044886 | F745: 1e-05 | G745: 1e-05 | H745: 0.148579 | I745: 1e-05 | J745: 1e-05 | K745: =VLOOKUP(A745,metadata!A:AC,29,) -> stellata
A746: SYST.MOR.0006749 | B746: 0.029317 | C746: 0.531011 | D746: 1e-05 | E746: 0.017403 | F746: 0.001575 | G746: 0.007396 | H746: 0.413268 | I746: 1e-05 | J746: 1e-05 | K746: =VLOOKUP(A746,metadata!A:AC,29,) -> stellata
A747: SYST.MOR.0006753 | B747: 0.008754 | C747: 1e-05 | D747: 1e-05 | E747: 0.235836 | F747: 0.021188 | G747: 1e-05 | H747: 0.229327 | I747: 1e-05 | J747: 0.504855 | K747: =VLOOKUP(A747,metadata!A:AC,29,) -> macrocarpa | L747: NA
A748: SYST.MOR.0006755 | B748: 0.005245 | C748: 1e-05 | D748: 0.018832 | E748: 0.102914 | F748: 0.009835 | G748: 0.013403 | H748: 0.009635 | I748: 0.01464 | J748: 0.825486 | K748: =VLOOKUP(A748,metadata!A:AC,29,) -> macrocarpa | L748: NA
A749: SYST.MOR.0006756 | B749: 0.00192 | C749: 0.060826 | D749: 1e-05 | E749: 0.086783 | F749: 0.601785 | G749: 0.00671 | H749: 0.223886 | I749: 1e-05 | J749: 0.01807 | K749: =VLOOKUP(A749,metadata!A:AC,29,) -> lyrata | L749: NA
A750: SYST.MOR.0006757 | B750: 0.003882 | C750: 0.028303 | D750: 1e-05 | E750: 0.064018 | F750: 0.882185 | G750: 1e-05 | H750: 0.021572 | I750: 1e-05 | J750: 1e-05 | K750: =VLOOKUP(A750,metadata!A:AC,29,) -> lyrata | L750: NA
A751: SYST.MOR.0006762 | B751: 1e-05 | C751: 1e-05 | D751: 1e-05 | E751: 1e-05 | F751: 0.503467 | G751: 1e-05 | H751: 1e-05 | I751: 0.064993 | J751: 0.43148 | K751: =VLOOKUP(A751,metadata!A:AC,29,) -> lyrata | L751: NA
A752: SYST.MOR.0006764 | B752: 1e-05 | C752: 0.00049 | D752: 1e-05 | E752: 0.027408 | F752: 0.022437 | G752: 1e-05 | H752: 0.003038 | I752: 0.097873 | J752: 0.848723 | K752: =VLOOKUP(A752,metadata!A:AC,29,) -> macrocarpa | L752: NA
A753: SYST.MOR.0006766 | B753: 1e-05 | C753: 0.031396 | D753: 1e-05 | E753: 0.040521 | F753: 0.854506 | G753: 0.020866 | H753: 0.038427 | I753: 1e-05 | J753: 0.014254 | K753: =VLOOKUP(A753,metadata!A:AC,29,) -> lyrata | L753: NA
A754: SYST.MOR.0006768 | B754: 0.021248 | C754: 1e-05 | D754: 1e-05 | E754: 1e-05 | F754: 0.978682 | G754: 1e-05 | H754: 1e-05 | I754: 1e-05 | J754: 1e-05 | K754: =VLOOKUP(A754,metadata!A:AC,29,) -> lyrata | L754: NA
A755: SYST.MOR.0006771 | B755: 0.847076 | C755: 0.037518 | D755: 1e-05 | E755: 1e-05 | F755: 0.039562 | G755: 0.017871 | H755: 1e-05 | I755: 0.019363 | J755: 0.03858 | K755: =VLOOKUP(A755,metadata!A:AC,29,) -> michauxii
A756: SYST.MOR.0006773 | B756: 0.793072 | C756: 0.043746 | D756: 1e-05 | E756: 0.011053 | F756: 0.061292 | G756: 0.047913 | H756: 1e-05 | I756: 1e-05 | J756: 0.042893 | K756: =VLOOKUP(A756,metadata!A:AC,29,) -> michauxii
A757: SYST.MOR.0006774 | B757: 0.6905 | C757: 0.035647 | D757: 0.001708 | E757: 1e-05 | F757: 0.024378 | G757: 0.031396 | H757: 0.00924 | I757: 0.011124 | J757: 0.195999 | K757: =VLOOKUP(A757,metadata!A:AC,29,) -> michauxii
A758: SYST.MOR.0006775 | B758: 0.011605 | C758: 1e-05 | D758: 0.023186 | E758: 1e-05 | F758: 0.019469 | G758: 0.015901 | H758: 1e-05 | I758: 0.121532 | J758: 0.808278 | K758: =VLOOKUP(A758,metadata!A:AC,29,) -> bicolor | L758: NA
A759: SYST.MOR.0006776 | B759: 1e-05 | C759: 0.006813 | D759: 1e-05 | E759: 1e-05 | F759: 0.932715 | G759: 1e-05 | H759: 1e-05 | I759: 1e-05 | J759: 0.060412 | K759: =VLOOKUP(A759,metadata!A:AC,29,) -> lyrata | L759: NA
A760: SYST.MOR.0006777 | B760: 0.118304 | C760: 0.009333 | D760: 1e-05 | E760: 0.007609 | F760: 0.049442 | G760: 0.006091 | H760: 0.008497 | I760: 0.038063 | J760: 0.762652 | K760: =VLOOKUP(A760,metadata!A:AC,29,) -> bicolor | L760: NA
A761: SYST.MOR.0006781 | B761: 0.009672 | C761: 0.011763 | D761: 0.493839 | E761: 0.159782 | F761: 0.00111 | G761: 0.025399 | H761: 0.003575 | I761: 0.19764 | J761: 0.09722 | K761: =VLOOKUP(A761,metadata!A:AC,29,) -> macrocarpa | L761: NA
A762: SYST.MOR.0006784 | B762: 0.99992 | C762: 1e-05 | D762: 1e-05 | E762: 1e-05 | F762: 1e-05 | G762: 1e-05 | H762: 1e-05 | I762: 1e-05 | J762: 1e-05 | K762: =VLOOKUP(A762,metadata!A:AC,29,) -> alba | L762: NA
A763: SYST.MOR.0006785 | B763: 0.99992 | C763: 1e-05 | D763: 1e-05 | E763: 1e-05 | F763: 1e-05 | G763: 1e-05 | H763: 1e-05 | I763: 1e-05 | J763: 1e-05 | K763: =VLOOKUP(A763,metadata!A:AC,29,) -> alba | L763: NA
A764: SYST.MOR.0006787 | B764: 1e-05 | C764: 1e-05 | D764: 1e-05 | E764: 0.006174 | F764: 1e-05 | G764: 0.965541 | H764: 0.005074 | I764: 1e-05 | J764: 0.023161 | K764: =VLOOKUP(A764,metadata!A:AC,29,) -> muehlenbergii
A765: SYST.MOR.0006788 | B765: 0.004697 | C765: 1e-05 | D765: 1e-05 | E765: 0.121201 | F765: 1e-05 | G765: 0.833116 | H765: 0.040935 | I765: 1e-05 | J765: 1e-05 | K765: =VLOOKUP(A765,metadata!A:AC,29,) -> muehlenbergii
A766: SYST.MOR.0006789 | B766: 1e-05 | C766: 1e-05 | D766: 1e-05 | E766: 1e-05 | F766: 1e-05 | G766: 0.99992 | H766: 1e-05 | I766: 1e-05 | J766: 1e-05 | K766: =VLOOKUP(A766,metadata!A:AC,29,) -> muehlenbergii
A767: SYST.MOR.0006791 | B767: 1e-05 | C767: 0.007031 | D767: 0.468331 | E767: 0.028705 | F767: 0.011281 | G767: 1e-05 | H767: 0.031452 | I767: 0.184675 | J767: 0.268505 | K767: =VLOOKUP(A767,metadata!A:AC,29,) -> macrocarpa | L767: NA
A768: SYST.MOR.0006795 | B768: 1e-05 | C768: 1e-05 | D768: 1e-05 | E768: 1e-05 | F768: 0.029251 | G768: 0.970679 | H768: 1e-05 | I768: 1e-05 | J768: 1e-05 | K768: =VLOOKUP(A768,metadata!A:AC,29,) -> bicolor | L768: NA
A769: SYST.MOR.0006796 | B769: 0.004614 | C769: 1e-05 | D769: 1e-05 | E769: 0.084207 | F769: 0.911119 | G769: 1e-05 | H769: 1e-05 | I769: 1e-05 | J769: 1e-05 | K769: =VLOOKUP(A769,metadata!A:AC,29,) -> bicolor | L769: NA
A770: SYST.MOR.0006797 | B770: 1e-05 | C770: 1e-05 | D770: 1e-05 | E770: 0.178742 | F770: 0.744334 | G770: 0.011126 | H770: 0.065748 | I770: 1e-05 | J770: 1e-05 | K770: =VLOOKUP(A770,metadata!A:AC,29,) -> bicolor | L770: NA
A771: SYST.MOR.0006798 | B771: 1e-05 | C771: 0.010872 | D771: 0.435583 | E771: 0.385221 | F771: 1e-05 | G771: 1e-05 | H771: 0.006349 | I771: 0.110629 | J771: 0.051316 | K771: =VLOOKUP(A771,metadata!A:AC,29,) -> macrocarpa | L771: NA
A772: SYST.MOR.0006800 | B772: 0.000815 | C772: 1e-05 | D772: 0.071997 | E772: 0.039339 | F772: 0.84122 | G772: 1e-05 | H772: 1e-05 | I772: 1e-05 | J772: 0.046589 | K772: =VLOOKUP(A772,metadata!A:AC,29,) -> bicolor | L772: NA
A773: SYST.MOR.0006807 | B773: 1e-05 | C773: 1e-05 | D773: 1e-05 | E773: 1e-05 | F773: 1e-05 | G773: 0.99992 | H773: 1e-05 | I773: 1e-05 | J773: 1e-05 | K773: =VLOOKUP(A773,metadata!A:AC,29,) -> muehlenbergii
A774: SYST.MOR.0006808 | B774: 0.99992 | C774: 1e-05 | D774: 1e-05 | E774: 1e-05 | F774: 1e-05 | G774: 1e-05 | H774: 1e-05 | I774: 1e-05 | J774: 1e-05 | K774: =VLOOKUP(A774,metadata!A:AC,29,) -> alba | L774: NA
A775: SYST.MOR.0006809 | B775: 1e-05 | C775: 1e-05 | D775: 1e-05 | E775: 1e-05 | F775: 1e-05 | G775: 0.99992 | H775: 1e-05 | I775: 1e-05 | J775: 1e-05 | K775: =VLOOKUP(A775,metadata!A:AC,29,) -> muehlenbergii
A776: SYST.MOR.0006815 | B776: 1e-05 | C776: 0.926459 | D776: 1e-05 | E776: 0.046201 | F776: 0.001043 | G776: 0.009416 | H776: 0.016841 | I776: 1e-05 | J776: 1e-05 | K776: =VLOOKUP(A776,metadata!A:AC,29,) -> stellata
A777: SYST.MOR.0006821 | B777: 0.005725 | C777: 0.003531 | D777: 0.072853 | E777: 1e-05 | F777: 0.006918 | G777: 0.00986 | H777: 1e-05 | I777: 0.190613 | J777: 0.71048 | K777: =VLOOKUP(A777,metadata!A:AC,29,) -> macrocarpa | L777: NA
A778: SYST.MOR.0006822 | B778: 0.99992 | C778: 1e-05 | D778: 1e-05 | E778: 1e-05 | F778: 1e-05 | G778: 1e-05 | H778: 1e-05 | I778: 1e-05 | J778: 1e-05 | K778: =VLOOKUP(A778,metadata!A:AC,29,) -> alba | L778: NA
A779: SYST.MOR.0006830 | B779: 1e-05 | C779: 1e-05 | D779: 1e-05 | E779: 0.013925 | F779: 1e-05 | G779: 0.949433 | H779: 1e-05 | I779: 1e-05 | J779: 0.036582 | K779: =VLOOKUP(A779,metadata!A:AC,29,) -> muehlenbergii
A780: SYST.MOR.0006831 | B780: 0.96688 | C780: 1e-05 | D780: 1e-05 | E780: 1e-05 | F780: 1e-05 | G780: 0.03305 | H780: 1e-05 | I780: 1e-05 | J780: 1e-05 | K780: =VLOOKUP(A780,metadata!A:AC,29,) -> alba | L780: NA
A781: SYST.MOR.0006832 | B781: 0.99992 | C781: 1e-05 | D781: 1e-05 | E781: 1e-05 | F781: 1e-05 | G781: 1e-05 | H781: 1e-05 | I781: 1e-05 | J781: 1e-05 | K781: =VLOOKUP(A781,metadata!A:AC,29,) -> stellata
A782: SYST.MOR.0006834 | B782: 1e-05 | C782: 1e-05 | D782: 1e-05 | E782: 1e-05 | F782: 1e-05 | G782: 0.99992 | H782: 1e-05 | I782: 1e-05 | J782: 1e-05 | K782: =VLOOKUP(A782,metadata!A:AC,29,) -> muehlenbergii
A783: SYST.MOR.0006835 | B783: 0.003993 | C783: 0.018488 | D783: 1e-05 | E783: 1e-05 | F783: 0.002065 | G783: 0.975404 | H783: 1e-05 | I783: 1e-05 | J783: 1e-05 | K783: =VLOOKUP(A783,metadata!A:AC,29,) -> muehlenbergii
A784: SYST.MOR.0006838 | B784: 0.007969 | C784: 0.947964 | D784: 1e-05 | E784: 0.020337 | F784: 1e-05 | G784: 1e-05 | H784: 0.02368 | I784: 1e-05 | J784: 1e-05 | K784: =VLOOKUP(A784,metadata!A:AC,29,) -> stellata
A785: SYST.MOR.0006841 | B785: 1e-05 | C785: 0.99992 | D785: 1e-05 | E785: 1e-05 | F785: 1e-05 | G785: 1e-05 | H785: 1e-05 | I785: 1e-05 | J785: 1e-05 | K785: =VLOOKUP(A785,metadata!A:AC,29,) -> stellata
A786: SYST.MOR.0006846 | B786: 0.021496 | C786: 0.905913 | D786: 1e-05 | E786: 0.048649 | F786: 1e-05 | G786: 0.020107 | H786: 0.003795 | I786: 1e-05 | J786: 1e-05 | K786: =VLOOKUP(A786,metadata!A:AC,29,) -> stellata
A787: SYST.MOR.0006848 | B787: 0.045936 | C787: 0.430556 | D787: 1e-05 | E787: 0.038819 | F787: 0.004781 | G787: 1e-05 | H787: 0.479868 | I787: 1e-05 | J787: 1e-05 | K787: =VLOOKUP(A787,metadata!A:AC,29,) -> stellata
A788: SYST.MOR.0006849 | B788: 1e-05 | C788: 0.020786 | D788: 1e-05 | E788: 1e-05 | F788: 1e-05 | G788: 0.958665 | H788: 1e-05 | I788: 1e-05 | J788: 0.020489 | K788: =VLOOKUP(A788,metadata!A:AC,29,) -> muehlenbergii
A789: SYST.MOR.0006852 | B789: 0.005579 | C789: 0.001725 | D789: 0.103658 | E789: 1e-05 | F789: 1e-05 | G789: 1e-05 | H789: 1e-05 | I789: 0.102274 | J789: 0.786725 | K789: =VLOOKUP(A789,metadata!A:AC,29,) -> macrocarpa | L789: NA
A790: SYST.MOR.0006856 | B790: 1e-05 | C790: 0.912242 | D790: 1e-05 | E790: 0.083573 | F790: 1e-05 | G790: 1e-05 | H790: 0.004125 | I790: 1e-05 | J790: 1e-05 | K790: =VLOOKUP(A790,metadata!A:AC,29,) -> stellata
A791: SYST.MOR.0006857 | B791: 1e-05 | C791: 0.000743 | D791: 0.157787 | E791: 0.037584 | F791: 0.012333 | G791: 0.006444 | H791: 1e-05 | I791: 0.139295 | J791: 0.645793 | K791: =VLOOKUP(A791,metadata!A:AC,29,) -> macrocarpa | L791: NA
A792: SYST.MOR.0006870 | B792: 0.003107 | C792: 1e-05 | D792: 0.011808 | E792: 0.083037 | F792: 1e-05 | G792: 0.001716 | H792: 1e-05 | I792: 0.205705 | J792: 0.694597 | K792: =VLOOKUP(A792,metadata!A:AC,29,) -> macrocarpa | L792: NA
A793: SYST.MOR.0006874 | B793: 1e-05 | C793: 1e-05 | D793: 1e-05 | E793: 1e-05 | F793: 1e-05 | G793: 0.99992 | H793: 1e-05 | I793: 1e-05 | J793: 1e-05 | K793: =VLOOKUP(A793,metadata!A:AC,29,) -> muehlenbergii
...

Sheet notes
A1: averages | B1: albae | C1: stellatae | D1: mac-N | E1: mac - all (strongest N) | F1: bicolor_lyrata | G1: muehlenbergii | H1: mac-all (strongest S) | I1: mac-IL | J1: mac-S
A2: alba | B2: 0.93343368 | C2: 0.0050939245 | D2: 0.026520415 | E2: 0.014259792 | F2: 0.0026793019 | G2: 0.0018701509 | H2: 0.0072510566 | I2: 0.0048804906 | J2: 0.0040111887
A3: bicolor | B3: 0.01466344 | C3: 0.00069308 | D3: 0.01347068 | E3: 0.03893204 | F3: 0.80320856 | G3: 0.04233384 | H3: 0.00507076 | I3: 0.0161182 | J3: 0.06550944
A4: lyrata | B4: 0.0018113333 | C4: 0.013587867 | D4: 1e-05 | E4: 0.0127628 | F4: 0.91175 | G4: 0.0018470667 | H4: 0.018933667 | I4: 0.0043422 | J4: 0.034955067
A5: mac OK | B5: 0.002195972 | C5: 0.0033055594 | D5: 0.035856706 | E5: 0.12401169 | F5: 0.006177972 | G5: 0.011698895 | H5: 0.17107321 | I5: 0.064853804 | J5: 0.58082623
A6: mac IL | B6: 0.0034040588 | C6: 0.001412917 | D6: 0.34700862 | E6: 0.29121121 | F6: 0.0034411246 | G6: 0.0023821903 | H6: 0.13320457 | I6: 0.13554601 | J6: 0.082389256
A7: mac MN | B7: 0.0016896585 | C7: 0.0016199652 | D7: 0.48377538 | E7: 0.3042359 | F7: 0.0027360105 | G7: 0.0018329582 | H7: 0.12797627 | I7: 0.065464453 | J7: 0.010669348
A8: michauxii | B8: 0.81299758 | C8: 0.040115 | D8: 0.0001515 | E8: 0.010768417 | F8: 0.080748083 | G8: 0.018956417 | H8: 0.00213175 | I8: 0.0053041667 | J8: 0.02882725
A9: montana | B9: 0.573866 | C9: 0.21891014 | D9: 0.0030957143 | E9: 0.043843857 | F9: 0.059447571 | G9: 0.091697286 | H9: 0.0015131429 | I9: 0.0076164286 | J9: 1e-05
A10: muehlenbergii | B10: 0.010118857 | C10: 0.0079752449 | D10: 0.003540449 | E10: 0.017924796 | F10: 0.0011880408 | G10: 0.94444769 | H10: 0.0053978571 | I10: 0.0074339796 | J10: 0.001973
A11: sinuata | B11: 0.05249875 | C11: 0.829021 | D11: 1e-05 | E11: 0.0182605 | F11: 0.0266315 | G11: 0.049433 | H11: 0.018452 | I11: 0.003477 | J11: 0.00221625
A12: stellata | B12: 0.044455074 | C12: 0.89588252 | D12: 1e-05 | E12: 0.015606333 | F12: 0.00028292593 | G12: 0.0018744815 | H12: 0.041868481 | I12: 1.0148148e-05 | J12: 1e-05

Sheet metadata
B1: SPMCODE | C1: Collector_no | D1: MOTHER | E1: Collection_date | F1: Collectors | G1: Type_of_material | H1: Country | I1: State_Province_Region_territory | J1: substate | K1: substateRank | L1: Site | M1: habitat | N1: associates | O1: livingCollectionsNumber | P1: OrigSourceInfo | Q1: latitude.orig | R1: longitude.orig | S1: MOR_Acc_Num | T1: latitude_georef | U1: longitude_georef | V1: state_province_georef | W1: County_georef | X1: Site_georef | Y1: City_georef | Z1: khufuTips | AA1: stateAbb | AB1: motherSite | AC1: Qsp
A2: OAK.MOR.000635 | B2: QUE000134 | C2: IL-MOR-MH092 | D2: NA | E2: 41100 | F2: Ken Potenberg, Gladys Connolly, Joan Dorrell, Kathy Matejka | G2: fresh, frozen leaves | H2: USA | I2: Illinois | J2: DuPage | K2: Co. | L2: The Morton Arboretum (DuPage County, IL, U.S.A.):Quercus L-97/68-99 | M2: Arboretum | N2: NA | O2: 145-75*1 | P2: collected in Tiller County Colorado U.S.A. | Q2: NA | R2: NA | S2: 174463 | T2: 38.861158 | U2: -105.17268 | V2: Colorado | W2: Tiller | X2: NA | Y2: NA | Z2: OAK.MOR.000635 | AA2: NA | AB2: NA | AC2: gambelii
A3: OAK.MOR.000132 | B3: QUE000295 | C3: CA-DAV-MH22 | D3: NA | E3: 41038 | F3: Marlene Hahn | G3: fresh, frozen leaves | H3: USA | I3: California | J3: Yolo | K3: County | L3: UC Davis Arboretum: Shields Oak Grove: Grid #3-D9; Shields Oak Grove Tree #103 | M3: Arboretum | N3: NA | O3: A63.0004, Qualifier 20536 | P3: Hualapai Mountain Park, 1.6 Miles Down from Park Headquarters: Mojave County: Arizona: 5800 ft. D. Cavagnaro 115. 26 Sep 1963. | Q3: 38.529472 | R3: 121.76485 | S3: 174579 | T3: NA | U3: NA | V3: Arizona | W3: Mojave | X3: Hualapai Mountain Park, 1.6 Miles Down from Park Headquarters. | Y3: NA | Z3: OAK.MOR.000132 | AA3: AZ | AB3: NA | AC3: gambelii
A4: OAK.MOR.001369 | B4: QUE001833 | C4: MO-MG319 | D4: NA | E4: 42905 | F4: Mira Garner, Sara Desmond | G4: fresh, frozen | H4: USA | I4: Missouri | J4: Camden | K4: County | L4: Ha Ha Tonka State Park | M4: Oak Savanna | N4: Quercus alba, Q. muehlenbergii, Q. stellata | O4: NA | P4: NA | Q4: 37.97196 | R4: -92.76205 | S4: 185345 | T4: 37.97196 | U4: -92.76205 | V4: Missouri | W4: Camden | X4: Ha Ha Tonka State Park | Y4: NA | Z4: OAK.MOR.001369 | AA4: MO | AB4: NA | AC4: stellata
A5: OAK.MOR.001370 | B5: QUE001835 | C5: MO-MG321 | D5: NA | E5: 42905 | F5: Mira Garner, Sara Desmond | G5: fresh, frozen | H5: USA | I5: Missouri | J5: Camden | K5: County | L5: Ha Ha Tonka State Park | M5: Oak Savanna | N5: Quercus alba, Q. muehlenbergii, Q. stellata | O5: NA | P5: NA | Q5: 37.97259 | R5: -92.762 | S5: 185347 | T5: 37.97259 | U5: -92.762 | V5: Missouri | W5: Camden | X5: Ha Ha Tonka State Park | Y5: NA | Z5: OAK.MOR.001370 | AA5: MO | AB5: NA | AC5: muehlenbergii
A6: OAK.MOR.001372 | B6: QUE001857 | C6: MO-MG277 | D6: NA | E6: 42905 | F6: Mira Garner, Sara Desmond | G6: fresh, frozen | H6: USA | I6: Missouri | J6: Camden | K6: County | L6: Ha Ha Tonka State Park | M6: Oak Savanna | N6: Quercus alba, Q. muehlenbergii, Q. stellata | O6: NA | P6: NA | Q6: 37.97793 | R6: -92.76516 | S6: 185339 | T6: 37.97793 | U6: -92.76516 | V6: Missouri | W6: Camden | X6: Ha Ha Tonka State Park | Y6: NA | Z6: OAK.MOR.001372 | AA6: MO | AB6: NA | AC6: stellata
A7: OAK.MOR.001378 | B7: QUE001877 | C7: OK-MG346 | D7: NA | E7: 42906 | F7: Mira Garner, Sara Desmond | G7: fresh, frozen | H7: USA | I7: Oklahoma | J7: Osage | K7: County | L7: Pawhuska, Tallgrass Prairie Preserve | M7: near research station | N7: NA | O7: NA | P7: NA | Q7: 36.84541 | R7: -96.41918 | S7: 185817 | T7: 36.84541 | U7: -96.41918 | V7: Oklahoma | W7: Osage | X7: Pawhuska, Tallgrass Prairie Preserve | Y7: NA | Z7: OAK.MOR.001378 | AA7: OK | AB7: NA | AC7: stellata
A8: OAK.MOR.001383 | B8: QUE001898 | C8: OK-MG367 | D8: NA | E8: 42907 | F8: Mira Garner, Sara Desmond | G8: fresh, frozen | H8: USA | I8: Oklahoma | J8: Caddo | K8: County | L8: Hinton, Red Rock Canyon State Park | M8: roadside near canyon | N8: NA | O8: NA | P8: NA | Q8: 35.44085 | R8: -98.35471 | S8: 185002 | T8: 35.44085 | U8: -98.35471 | V8: Oklahoma | W8: Caddo | X8: Hinton, Red Rock Canyon State Park | Y8: NA | Z8: OAK.MOR.001383 | AA8: OK | AB8: NA | AC8: muehlenbergii
A9: OAK.MOR.001465 | B9: QUE002229 | C9: KS-MG409 | D9: NA | E9: 42914 | F9: Mira Garner, Craig C. Freeman, Sara Desmond | G9: fresh, frozen | H9: USA | I9: Kansas | J9: Johnson | K9: County | L9: Shawnee Mission Park | M9: Woods area | N9: NA | O9: NA | P9: NA | Q9: 38.97864 | R9: -94.80724 | S9: 184702 | T9: 38.97864 | U9: -94.80724 | V9: Kansas | W9: Johnson | X9: Shawnee Mission Park | Y9: NA | Z9: OAK.MOR.001465 | AA9: KS | AB9: NA | AC9: stellata
A10: SYST.MOR.0006721 | B10: QUE003291 | C10: MO_SH_002_All | D10: NA | E10: 44713 | F10: Alan Whittemore, Andrew Hipp, Brett Fredericksen, Heather McCarthy, Ian Pearse, Jeannine Cavender-Bares, Klara Peterson, Leah Samuels, Mira Garner, Paul Manos | G10: fresh frozen | H10: USA | I10: Missouri | J10: Franklin | K10: County | L10: Shaw Nature Preserve | M10: Bottomland ÃƒÂ¢Ã¢â€šÂ¬Ã¢â‚¬ÂMeramac river floodplain | N10: Populus grandidentata, Asimona triloba, Ulmus rubra, Platanus occidentalis, Fraxinus americana, Celtis occidentalis, Quercus macrocarpa | O10: NA | P10: NA | Q10: 38.461996 | R10: -90.814959 | S10: NA | T10: 38.461996 | U10: -90.814959 | V10: Missouri | W10: Franklin | X10: Shaw Nature Preserve | Y10: NA | Z10: SYST.MOR.0006721 | AA10: MO | AB10: NA | AC10: macrocarpa
A11: SYST.MOR.0006727 | B11: QUE003297 | C11: MO_SH_008_All | D11: NA | E11: 44713 | F11: Alan Whittemore, Andrew Hipp, Brett Fredericksen, Heather McCarthy, Ian Pearse, Jeannine Cavender-Bares, Klara Peterson, Leah Samuels, Mira Garner, Paul Manos | G11: fresh frozen | H11: USA | I11: Missouri | J11: Franklin | K11: County | L11: Shaw Nature Preserve | M11: Bluffs of Meramac River | N11: sugar maple, Quercus muehlenbergii | O11: NA | P11: NA | Q11: 38.461624 | R11: -90.818267 | S11: NA | T11: 38.461624 | U11: -90.818267 | V11: Missouri | W11: Franklin | X11: Shaw Nature Preserve | Y11: NA | Z11: SYST.MOR.0006727 | AA11: MO | AB11: NA | AC11: muehlenbergii
A12: SYST.MOR.0006728 | B12: QUE003298 | C12: MO_SH_009_All | D12: NA | E12: 44713 | F12: Alan Whittemore, Andrew Hipp, Brett Fredericksen, Heather McCarthy, Ian Pearse, Jeannine Cavender-Bares, Klara Peterson, Leah Samuels, Mira Garner, Paul Manos | G12: fresh frozen | H12: USA | I12: Missouri | J12: Franklin | K12: County | L12: Shaw Nature Preserve | M12: Open woodland / savanna / thin soil atop limestone | N12: Quercus stellata, Quercus muehlenbergii, Carya ovata, Quercus rubra, Lonicera sp., Desmodium sp., Cercis sp., Rhus radicans, Rhus arromatica | O12: NA | P12: NA | Q12: 38.462029 | R12: -90.818313 | S12: NA | T12: 38.462029 | U12: -90.818313 | V12: Missouri | W12: Franklin | X12: Shaw Nature Preserve | Y12: NA | Z12: SYST.MOR.0006728 | AA12: MO | AB12: NA | AC12: muehlenbergii
A13: SYST.MOR.0006742 | B13: QUE003299 | C13: MO_SH_010_All | D13: NA | E13: 44713 | F13: Alan Whittemore, Andrew Hipp, Brett Fredericksen, Heather McCarthy, Ian Pearse, Jeannine Cavender-Bares, Klara Peterson, Leah Samuels, Mira Garner, Paul Manos | G13: fresh frozen | H13: USA | I13: Missouri | J13: Franklin | K13: County | L13: Shaw Nature Preserve | M13: Woodland savanna this soil on limestone | N13: Quercus stellata, Quercus muehlenbergii, Fraxinus alba, Carya ovata, Verbesina sp., Cercis sp., Rhus artomatica, Monarda sp. | O13: NA | P13: NA | Q13: 38.46199 | R13: -90.818418 | S13: NA | T13: 38.46199 | U13: -90.818418 | V13: Missouri | W13: Franklin | X13: Shaw Nature Preserve | Y13: NA | Z13: SYST.MOR.0006742 | AA13: MO | AB13: NA | AC13: stellata
A14: SYST.MOR.0006743 | B14: QUE003300 | C14: MO_SH_011_All | D14: NA | E14: 44713 | F14: Alan Whittemore, Andrew Hipp, Brett Fredericksen, Heather McCarthy, Ian Pearse, Jeannine Cavender-Bares, Klara Peterson, Leah Samuels, Mira Garner, Paul Manos | G14: fresh frozen | H14: USA | I14: Missouri | J14: Franklin | K14: County | L14: Shaw Nature Preserve | M14: Bluffs above Mermac River | N14: Acer saccharum, shagbark hickory, Carya ovata, Ulmas rubra | O14: NA | P14: NA | Q14: 38.462391 | R14: -90.817857 | S14: NA | T14: 38.462391 | U14: -90.817857 | V14: Missouri | W14: Franklin | X14: Shaw Nature Preserve | Y14: NA | Z14: SYST.MOR.0006743 | AA14: MO | AB14: NA | AC14: alba
A15: SYST.MOR.0006744 | B15: QUE003301 | C15: MO_SH_012_All | D15: NA | E15: 44713 | F15: Alan Whittemore, Andrew Hipp, Brett Fredericksen, Heather McCarthy, Ian Pearse, Jeannine Cavender-Bares, Klara Peterson, Leah Samuels, Mira Garner, Paul Manos | G15: fresh frozen | H15: USA | I15: Missouri | J15: Franklin | K15: County | L15: Shaw Nature Preserve | M15: Sloped woodlands | N15: Carya ovata, Acer saccharum, Quercus rubra, Quercus muehlenbergii, Asarum canadense, Podophyllum sp., Parthenocissus sp. | O15: NA | P15: NA | Q15: 38.46295 | R15: -90.817616 | S15: NA | T15: 38.46295 | U15: -90.817616 | V15: Missouri | W15: Franklin | X15: Shaw Nature Preserve | Y15: NA | Z15: SYST.MOR.0006744 | AA15: MO | AB15: NA | AC15: muehlenbergii
A16: SYST.MOR.0006747 | B16: QUE003304 | C16: MO_SH_015_All | D16: NA | E16: 44713 | F16: Alan Whittemore, Andrew Hipp, Brett Fredericksen, Heather McCarthy, Ian Pearse, Jeannine Cavender-Bares, Klara Peterson, Leah Samuels, Mira Garner, Paul Manos | G16: fresh frozen | H16: USA | I16: Missouri | J16: Franklin | K16: County | L16: Shaw Nature Preserve | M16: Woodlands above Mermac River Floodlplains | N16: Red oak, Sugar maple, Fraxinus sp. | O16: NA | P16: NA | Q16: 38.462662 | R16: -90.818129 | S16: NA | T16: 38.462662 | U16: -90.818129 | V16: Missouri | W16: Franklin | X16: Shaw Nature Preserve | Y16: NA | Z16: SYST.MOR.0006747 | AA16: MO | AB16: NA | AC16: stellata
A17: SYST.MOR.0006748 | B17: QUE003305 | C17: MO_SH_016_All | D17: NA | E17: 44713 | F17: Alan Whittemore, Andrew Hipp, Brett Fredericksen, Heather McCarthy, Ian Pearse, Jeannine Cavender-Bares, Klara Peterson, Leah Samuels, Mira Garner, Paul Manos | G17: fresh frozen | H17: USA | I17: Missouri | J17: Franklin | K17: County | L17: Shaw Nature Preserve | M17: Top of hill ÃƒÂ¢Ã¢â€šÂ¬Ã¢â‚¬Â open woodland ; thin gravely soil on limestone | N17: Quercus stellata, Fraxinus sp., Cercis canadense | O17: NA | P17: NA | Q17: 38.462483 | R17: -90.818432 | S17: NA | T17: 38.462483 | U17: -90.818432 | V17: Missouri | W17: Franklin | X17: Shaw Nature Preserve | Y17: NA | Z17: SYST.MOR.0006748 | AA17: MO | AB17: NA | AC17: stellata
A18: SYST.MOR.0006753 | B18: QUE003310 | C18: IL_OB_021_All | D18: NA | E18: 44714 | F18: Alan Whittemore, Andrew Hipp, Brett Fredericksen, Heather McCarthy, Jeannine Cavender-Bares, Klara Peterson, Leah Samuels, Mira Garner, Paul Manos | G18: fresh frozen | H18: USA | I18: Illinois | J18: Jackson | K18: County | L18: Oakwood Bottoms, Shawnee National Forest | M18: Bottomland forest, floodplain | N18: Acer saccharinum, sweetgum, pin oak, Ulmus sp., hackberry | O18: NA | P18: NA | Q18: NA | R18: NA | S18: NA | T18: NA | U18: NA | V18: Illinois | W18: Jackson | X18: Oakwood Bottoms, Shawnee National Forest | Y18: NA | Z18: SYST.MOR.0006753 | AA18: IL | AB18: NA | AC18: macrocarpa
A19: SYST.MOR.0006756 | B19: QUE003312 | C19: IL_OB_024_All | D19: NA | E19: 44714 | F19: Alan Whittemore, Andrew Hipp, Brett Fredericksen, Heather McCarthy, Jeannine Cavender-Bares, Klara Peterson, Leah Samuels, Mira Garner, Paul Manos | G19: fresh frozen | H19: USA | I19: Illinois | J19: Jackson | K19: County | L19: Oakwood Bottoms, Shawnee National Forest | M19: Bottomland-flats | N19: Quercus macrocarpa, Quercus palustris, Liquidambar styraciflua | O19: NA | P19: NA | Q19: NA | R19: NA | S19: NA | T19: NA | U19: NA | V19: Illinois | W19: Jackson | X19: Oakwood Bottoms, Shawnee National Forest | Y19: NA | Z19: SYST.MOR.0006756 | AA19: IL | AB19: NA | AC19: lyrata
A20: SYST.MOR.0006762 | B20: QUE003318 | C20: IL_OB_030_All | D20: NA | E20: 44714 | F20: Alan Whittemore, Andrew Hipp, Brett Fredericksen, Heather McCarthy, Jeannine Cavender-Bares, Klara Peterson, Leah Samuels, Mira Garner, Paul Manos | G20: fresh frozen | H20: USA | I20: Illinois | J20: Jackson | K20: County | L20: Oakwood Bottoms, Shawnee National Forest | M20: Forest bottomlands, floodplains | N20: pin oak, Ulmus americana, Celtis laevigata | O20: NA | P20: NA | Q20: NA | R20: NA | S20: NA | T20: NA | U20: NA | V20: Illinois | W20: Jackson | X20: Oakwood Bottoms, Shawnee National Forest | Y20: NA | Z20: SYST.MOR.0006762 | AA20: IL | AB20: NA | AC20: lyrata
A21: SYST.MOR.0006764 | B21: QUE003320 | C21: MO_BOT_032_MG | D21: NA | E21: 44715 | F21: Alan Whittemore, Andrew Hipp, Brett Fredericksen, Heather McCarthy, Klara Peterson, Leah Samuels, Mira Garner, Paul Manos | G21: fresh frozen | H21: USA | I21: Missouri | J21: Mississipi | K21: County | L21: Big Oak Tree State Park | M21: Dense bottomland floodplain mixed deciduous forest | N21: Quercus macrocarpa, Celtis laevigata, pawpaw | O21: NA | P21: NA | Q21: 36.643929 | R21: -89.290992 | S21: NA | T21: 36.643929 | U21: -89.290992 | V21: Missouri | W21: Mississipi | X21: Big Oak Tree State Park | Y21: NA | Z21: SYST.MOR.0006764 | AA21: MO | AB21: NA | AC21: macrocarpa
A22: SYST.MOR.0006771 | B22: QUE003326 | C22: MO_BOT_039_All | D22: NA | E22: 44715 | F22: Alan Whittemore, Andrew Hipp, Brett Fredericksen, Heather McCarthy, Klara Peterson, Leah Samuels, Mira Garner, Paul Manos | G22: fresh frozen | H22: USA | I22: Missouri | J22: Mississipi | K22: County | L22: Big Oak Tree State Park | M22: Dry forest area | N22: Acer nagundo | O22: NA | P22: NA | Q22: NA | R22: NA | S22: NA | T22: NA | U22: NA | V22: Missouri | W22: Mississipi | X22: Big Oak Tree State Park | Y22: NA | Z22: SYST.MOR.0006771 | AA22: MO | AB22: NA | AC22: michauxii
A23: SYST.MOR.0006776 | B23: QUE003331 | C23: MO_BOT_044_All | D23: NA | E23: 44715 | F23: Alan Whittemore, Andrew Hipp, Brett Fredericksen, Heather McCarthy, Klara Peterson, Leah Samuels, Mira Garner, Paul Manos | G23: fresh frozen | H23: USA | I23: Missouri | J23: Mississipi | K23: County | L23: Big Oak Tree State Park | M23: Forest, dry, a bit open | N23: Celtis laevigata, elm | O23: NA | P23: NA | Q23: NA | R23: NA | S23: NA | T23: NA | U23: NA | V23: Missouri | W23: Mississipi | X23: Big Oak Tree State Park | Y23: NA | Z23: SYST.MOR.0006776 | AA23: MO | AB23: NA | AC23: lyrata
A24: SYST.MOR.0006777 | B24: QUE003332 | C24: MO_BOT_045_All | D24: NA | E24: 44715 | F24: Alan Whittemore, Andrew Hipp, Brett Fredericksen, Heather McCarthy, Klara Peterson, Leah Samuels, Mira Garner, Paul Manos | G24: fresh frozen | H24: USA | I24: Missouri | J24: Mississipi | K24: County | L24: Big Oak Tree State Park | M24: Near water, shrubby area | N24: Ulmus rubra, Celtis laevigata, Taxodium distichum | O24: NA | P24: NA | Q24: NA | R24: NA | S24: NA | T24: NA | U24: NA | V24: Missouri | W24: Mississipi | X24: Big Oak Tree State Park | Y24: NA | Z24: SYST.MOR.0006777 | AA24: MO | AB24: NA | AC24: bicolor
A25: SYST.MOR.0006755 | B25: QUE003523 | C25: IL_OB_023_All | D25: NA | E25: 44714 | F25: Alan Whittemore, Andrew Hipp, Brett Fredericksen, Heather McCarthy, Jeannine Cavender-Bares, Klara Peterson, Leah Samuels, Mira Garner, Paul Manos | G25: fresh frozen | H25: USA | I25: Illinois | J25: Jackson | K25: County | L25: Oakwood Bottoms, Shawnee National Forest | M25: Bottomlands forest, floodplains | N25: Black oak, American elm, hackberry | O25: NA | P25: NA | Q25: 37.676004 | R25: -89.412965 | S25: NA | T25: NA | U25: NA | V25: Illinois | W25: Jackson | X25: Oakwood Bottoms, Shawnee National Forest | Y25: NA | Z25: SYST.MOR.0006755 | AA25: IL | AB25: NA | AC25: macrocarpa
A26: SYST.MOR.0006729 | B26: QUE003528 | C26: IL_MOR_135_MG | D26: NA | E26: 44705 | F26: Mira Garner, Keion Mackay, Andrew Hipp | G26: fresh, frozen | H26: USA | I26: Illinois | J26: DuPage | K26: County | L26: The Morton Arboretum | M26: Oak savanna | N26: Quercus ellipsoidalis, Quercus macrocarpa, Clover, bottlebrush grass | O26: NA | P26: NA | Q26: 41.81383 | R26: -88.062933 | S26: NA | T26: 41.81383 | U26: -88.062933 | V26: Illinois | W26: DuPage | X26: The Morton Arboretum | Y26: NA | Z26: SYST.MOR.0006729 | AA26: IL | AB26: NA | AC26: macrocarpa
A27: SYST.MOR.0006781 | B27: QUE003544 | C27: IA_BSP_049_MG | D27: NA | E27: 44720 | F27: Mira Garner, Leah Samuels, Klara Peterson, Briana Beatty | G27: fresh, frozen | H27: USA | I27: Iowa | J27: Story | K27: County | L27: Brookside Park | M27: Wooded area, hillside, near park | N27: Celtis occidentalis, Tilia americana | O27: NA | P27: NA | Q27: 42.029397 | R27: -93.628202 | S27: NA | T27: 42.029397 | U27: -93.628202 | V27: Iowa | W27: Story | X27: Brookside Park | Y27: NA | Z27: SYST.MOR.0006781 | AA27: IA | AB27: NA | AC27: macrocarpa
A28: SYST.MOR.0006785 | B28: QUE003548 | C28: IA_LNW_053_MG | D28: NA | E28: 44721 | F28: Mira Garner, Leah Samuels, Klara Peterson, Briana Beatty | G28: fresh, frozen | H28: USA | I28: Iowa | J28: Van Buren | K28: County | L28: Lindsay Wilderness | M28: Wooded area, bushy foliage | N28: Ironwood | O28: NA | P28: NA | Q28: 40.710201 | R28: -91.794682 | S28: NA | T28: 40.710201 | U28: -91.794682 | V28: Iowa | W28: Van Buren | X28: Lindsay Wilderness | Y28: NA | Z28: SYST.MOR.0006785 | AA28: IA | AB28: NA | AC28: alba
A29: SYST.MOR.0006787 | B29: QUE003550 | C29: IA_LNW_055_MG | D29: NA | E29: 44721 | F29: Mira Garner, Leah Samuels, Klara Peterson, Briana Beatty | G29: fresh, frozen | H29: USA | I29: Iowa | J29: Van Buren | K29: County | L29: Lindsay Wilderness | M29: Lower land, dry forest. Dense brush | N29: Red oak, Acer sp., hickory, Hog-peanut, Yellow violet, Virginia creeper | O29: NA | P29: NA | Q29: 40.708616 | R29: -91.787231 | S29: NA | T29: 40.708616 | U29: -91.787231 | V29: Iowa | W29: Van Buren | X29: Lindsay Wilderness | Y29: NA | Z29: SYST.MOR.0006787 | AA29: IA | AB29: NA | AC29: muehlenbergii
A30: SYST.MOR.0006788 | B30: QUE003551 | C30: IA_LNW_056_MG | D30: NA | E30: 44721 | F30: Mira Garner, Leah Samuels, Klara Peterson, Briana Beatty | G30: fresh, frozen | H30: USA | I30: Iowa | J30: Van Buren | K30: County | L30: Lindsay Wilderness | M30: Forested area, lots of underbrush | N30: American elm, black maple, ironwood, Rubus sp., Jack in the pulpit, Mustard, Gooseberry | O30: NA | P30: NA | Q30: 40.707865 | R30: -91.788325 | S30: NA | T30: 40.707865 | U30: -91.788325 | V30: Iowa | W30: Van Buren | X30: Lindsay Wilderness | Y30: NA | Z30: SYST.MOR.0006788 | AA30: IA | AB30: NA | AC30: muehlenbergii
A31: SYST.MOR.0006791 | B31: QUE003554 | C31: IA_LNW_059_MG | D31: NA | E31: 44721 | F31: Mira Garner, Leah Samuels, Klara Peterson, Briana Beatty | G31: fresh, frozen | H31: USA | I31: Iowa | J31: Van Buren | K31: County | L31: Lindsay Wilderness | M31: Forest, low underbrush, more open, dry | N31: Quercus alba, Quercus macrocarpa, red maple, shagbark hickory, Mayapple, Poison ivy, Ash, Virginia creeper | O31: NA | P31: NA | Q31: 40.707564 | R31: -91.792402 | S31: NA | T31: 40.707564 | U31: -91.792402 | V31: Iowa | W31: Van Buren | X31: Lindsay Wilderness | Y31: NA | Z31: SYST.MOR.0006791 | AA31: IA | AB31: NA | AC31: macrocarpa
A32: SYST.MOR.0006795 | B32: QUE003558 | C32: IA_LNW_063_MG | D32: NA | E32: 44721 | F32: Mira Garner, Leah Samuels, Klara Peterson, Briana Beatty | G32: fresh, frozen | H32: USA | I32: Iowa | J32: Van Buren | K32: County | L32: Lindsay Wilderness | M32: Woodland, bluff hills | N32: red maple, ironwood, Quercus bicolor, hickory, Barberry, Virginia creeper, Chokeberry | O32: NA | P32: NA | Q32: 40.704425 | R32: -91.796592 | S32: NA | T32: 40.704425 | U32: -91.796592 | V32: Iowa | W32: Van Buren | X32: Lindsay Wilderness | Y32: NA | Z32: SYST.MOR.0006795 | AA32: IA | AB32: NA | AC32: bicolor
A33: SYST.MOR.0006796 | B33: QUE003559 | C33: IA_LNW_064_MG | D33: NA | E33: 44721 | F33: Mira Garner, Leah Samuels, Klara Peterson, Briana Beatty | G33: fresh, frozen | H33: USA | I33: Iowa | J33: Van Buren | K33: County | L33: Lindsay Wilderness | M33: Woodland, bluff hills | N33: ash, Rose sp., Chokeberry, Virginia creeper | O33: NA | P33: NA | Q33: 40.703988 | R33: -91.796584 | S33: NA | T33: 40.703988 | U33: -91.796584 | V33: Iowa | W33: Van Buren | X33: Lindsay Wilderness | Y33: NA | Z33: SYST.MOR.0006796 | AA33: IA | AB33: NA | AC33: bicolor
A34: SYST.MOR.0006798 | B34: QUE003561 | C34: IA_CHP_066_MG | D34: NA | E34: 44721 | F34: Mira Garner, Leah Samuels, Klara Peterson, Briana Beatty | G34: fresh, frozen | H34: USA | I34: Iowa | J34: Linn | K34: County | L34: Cherokee Park | M34: Park area | N34: Grass, dandelion | O34: NA | P34: NA | Q34: 41.974717 | R34: -91.721693 | S34: NA | T34: NA | U34: NA | V34: Iowa | W34: Linn | X34: Cherokee Park | Y34: NA | Z34: SYST.MOR.0006798 | AA34: IA | AB34: NA | AC34: macrocarpa
A35: SYST.MOR.0006808 | B35: QUE003571 | C35: MO_TRC_076_MG | D35: NA | E35: 44733 | F35: Leah Samuels, Mira Garner, Erin O'Connell | G35: fresh, frozen | H35: USA | I35: Missouri | J35: St. Louis | K35: County | L35: Tyson Research Center | M35: On side of hill, low foliage, wooded | N35: red cedar, red oak, black oak, Quercus stellata, Redbud, Virginia creeper, American hog peanut, raspberry, buckthorn, flowering dogwood, ash, fragrant sumac | O35: NA | P35: NA | Q35: 38.512384 | R35: -90.575894 | S35: NA | T35: 38.512384 | U35: -90.575894 | V35: Missouri | W35: St. Louis | X35: Tyson Research Center | Y35: NA | Z35: SYST.MOR.0006808 | AA35: MO | AB35: NA | AC35: alba
A36: SYST.MOR.0006830 | B36: QUE003593 | C36: MO_HHT_098_MG | D36: NA | E36: 44734 | F36: Leah Samuels, Mira Garner | G36: fresh, frozen | H36: USA | I36: Missouri | J36: Camden | K36: County | L36: Ha Ha Tonka State Park | M36: Hillside, open grassy area near wooded area | N36: American persimmon, Fragrant sumac, sunflower, dogwood, redbud | O36: NA | P36: NA | Q36: 37.980058 | R36: -92.772782 | S36: NA | T36: 37.980058 | U36: -92.772782 | V36: Missouri | W36: Camden | X36: Ha Ha Tonka State Park | Y36: NA | Z36: SYST.MOR.0006830 | AA36: MO | AB36: NA | AC36: muehlenbergii
A37: SYST.MOR.0006834 | B37: QUE003597 | C37: MO_PSP_MG922_MG | D37: NA | E37: 44735 | F37: Leah Samuels, Mira Garner, Andrew Braun | G37: fresh, frozen | H37: USA | I37: Missouri | J37: Barton | K37: County | L37: Prairie State Park | M37: Wooded area of prairie, riparian? | N37: Hedge apple, Honey locust, Red mulberry, Pin oak, Buckbrush | O37: NA | P37: NA | Q37: 37.531756 | R37: -94.574784 | S37: NA | T37: 37.531756 | U37: -94.574784 | V37: Missouri | W37: Barton | X37: Prairie State Park | Y37: NA | Z37: SYST.MOR.0006834 | AA37: MO | AB37: NA | AC37: muehlenbergii
A38: SYST.MOR.0006846 | B38: QUE003609 | C38: OK_RRC_111_MG | D38: NA | E38: 44736 | F38: Leah Samuels, Mira Garner | G38: fresh, frozen | H38: USA | I38: Oklahoma | J38: Caddo | K38: County | L38: Red Rock Canyon Adventure Park | M38: Dry ridge, little foliage, small trees, rocky dry soils | N38: Quercus marilandica, eastern red cedar, Grasses, California mugwort, Indian blanket | O38: NA | P38: NA | Q38: 35.435951 | R38: -98.353643 | S38: NA | T38: 35.435951 | U38: -98.353643 | V38: Oklahoma | W38: Caddo | X38: Red Rock Canyon Adventure Park | Y38: NA | Z38: SYST.MOR.0006846 | AA38: OK | AB38: NA | AC38: stellata
A39: SYST.MOR.0006849 | B39: QUE003612 | C39: OK_RRC_114_MG | D39: NA | E39: 44736 | F39: Leah Samuels, Mira Garner | G39: fresh, frozen | H39: USA | I39: Oklahoma | J39: Caddo | K39: County | L39: Red Rock Canyon Adventure Park | M39: Dry, open, some trees, little foliage, sandy and rocky | N39: eastern red cedar, Gum bumelia, grasses, Lespedeza sp., Plains fleabane, Indian blanket, hackberry | O39: NA | P39: NA | Q39: 35.436538 | R39: -98.353515 | S39: NA | T39: 35.436538 | U39: -98.353515 | V39: Oklahoma | W39: Caddo | X39: Red Rock Canyon Adventure Park | Y39: NA | Z39: SYST.MOR.0006849 | AA39: OK | AB39: NA | AC39: muehlenbergii
A40: SYST.MOR.0006870 | B40: QUE003633 | C40: TN_BCP_148_MG | D40: NA | E40: 44753 | F40: Leah Samuels, Mira Garner, Andrew Hipp | G40: fresh, frozen | H40: USA | I40: Tennessee | J40: Sumner | K40: County | L40: Bledsoe Creek State Park | M40: Lowlands, forest area near creek, low/thin foliage | N40: Juniper sp., Ulmus rubra, Ulmus olata, Fraxinus sp., Acer nugundo, Elymus sp., Ostrya virginiana, Black locust, Baptisia sp. | O40: NA | P40: NA | Q40: 36.375797 | R40: -86.357923 | S40: NA | T40: 36.375797 | U40: -86.357923 | V40: Tennessee | W40: Sumner | X40: Bledsoe Creek State Park | Y40: NA | Z40: SYST.MOR.0006870 | AA40: TN | AB40: NA | AC40: macrocarpa
A41: SYST.MOR.0006874 | B41: QUE003637 | C41: TN_BCP_152_MG | D41: NA | E41: 44753 | F41: Leah Samuels, Mira Garner, Andrew Hipp | G41: fresh, frozen | H41: USA | I41: Tennessee | J41: Sumner | K41: County | L41: Bledsoe Creek State Park | M41: Hillside forest, little foliage, near creek | N41: Fraxinus sp., Juniper sp., Quercus macrocarpa, Quercus muehlenbergii, Elymus sp., Carex sp., Lonicera sp., Fern, Polysticum sp. | O41: NA | P41: NA | Q41: 36.376675 | R41: -86.352078 | S41: NA | T41: 36.376675 | U41: -86.352078 | V41: Tennessee | W41: Sumner | X41: Bledsoe Creek State Park | Y41: NA | Z41: SYST.MOR.0006874 | AA41: TN | AB41: NA | AC41: muehlenbergii
A42: SYST.MOR.0006881 | B42: QUE003644 | C42: TN_BCP_159_MG | D42: NA | E42: 44753 | F42: Leah Samuels, Mira Garner, Andrew Hipp | G42: fresh, frozen | H42: USA | I42: Tennessee | J42: Sumner | K42: County | L42: Bledsoe Creek State Park | M42: Hillside forest, little foliage, near reservoir | N42: Fraxinus sp., Quercus muehlenbergii, persimmon, Poison ivy, Honeysuckle | O42: NA | P42: NA | Q42: 36.378009 | R42: -86.350874 | S42: NA | T42: 36.378009 | U42: -86.350874 | V42: Tennessee | W42: Sumner | X42: Bledsoe Creek State Park | Y42: NA | Z42: SYST.MOR.0006881 | AA42: TN | AB42: NA | AC42: alba
A43: SYST.MOR.0006882 | B43: QUE003645 | C43: TN_BCP_160_MG | D43: NA | E43: 44753 | F43: Leah Samuels, Mira Garner, Andrew Hipp | G43: fresh, frozen | H43: USA | I43: Tennessee | J43: Sumner | K43: County | L43: Bledsoe Creek State Park | M43: Hillside forest, little foliage, near reservoir | N43: Quercus muehlenbergii, persimmon, Fraxinus sp., Ulmus sp., Poison ivy | O43: NA | P43: NA | Q43: 36.378015 | R43: -86.3509 | S43: NA | T43: 36.378015 | U43: -86.3509 | V43: Tennessee | W43: Sumner | X43: Bledsoe Creek State Park | Y43: NA | Z43: SYST.MOR.0006882 | AA43: TN | AB43: NA | AC43: muehlenbergii
A44: SYST.MOR.0006888 | B44: QUE003651 | C44: TN_CLP_166_MG | D44: NA | E44: 44753 | F44: Leah Samuels, Mira Garner, Andrew Hipp, Drew Larson, Paul Manos | G44: fresh, frozen | H44: USA | I44: Tennessee | J44: Lebanon | K44: County | L44: Cedars of Lebanon State Park | M44: Limestone area, dense woods, forest, muddy | N44: Quercus stellata, Fraxinus sp., Quercus muehlenbergii, Juniperus sp., Poison ivy, Virginia creeper, White avens, Ulmus sp., Rhumatica, Polysticum sp., Quercus Shumarii, Fragrant sumac | O44: NA | P44: NA | Q44: 36.074626 | R44: -86.314306 | S44: NA | T44: 36.074626 | U44: -86.314306 | V44: Tennessee | W44: Lebanon | X44: Cedars of Lebanon State Park | Y44: NA | Z44: SYST.MOR.0006888 | AA44: TN | AB44: NA | AC44: stellata
A45: SYST.MOR.0006889 | B45: QUE003652 | C45: TN_CLP_167_MG | D45: NA | E45: 44753 | F45: Leah Samuels, Mira Garner, Andrew Hipp, Drew Larson, Paul Manos | G45: fresh, frozen | H45: USA | I45: Tennessee | J45: Lebanon | K45: County | L45: Cedars of Lebanon State Park | M45: Limestone area, dense woods, forest, muddy | N45: Juniperus sp., Quercus alba, Quercus velutina, Hickory, Poison ivy, Redbud, Birch family | O45: NA | P45: NA | Q45: 36.075606 | R45: -86.313964 | S45: NA | T45: 36.075606 | U45: -86.313964 | V45: Tennessee | W45: Lebanon | X45: Cedars of Lebanon State Park | Y45: NA | Z45: SYST.MOR.0006889 | AA45: TN | AB45: NA | AC45: alba
A46: SYST.MOR.0006890 | B46: QUE003653 | C46: KY_LXC_168_MG | D46: NA | E46: 44754 | F46: Leah Samuels, Mira Garner, Andrew Hipp, Drew Larson, Paul Manos, Tom Kimmerer | G46: fresh, frozen | H46: USA | I46: Kentucky | J46: Fayette | K46: County | L46: Lexington Cemetery | M46: Cemetery lawn, woodland pasture | N46: Pinus strobus, black cherry, Poison ivy, Lawn grass | O46: NA | P46: NA | Q46: 38.059359 | R46: -86.51346 | S46: NA | T46: 38.059359 | U46: -86.51346 | V46: Kentucky | W46: Fayette | X46: Lexington Cemetery | Y46: NA | Z46: SYST.MOR.0006890 | AA46: KY | AB46: NA | AC46: macrocarpa
... A142: SYST.MOR.0007245 | B142: QUE004008 | C142: IL_CHB_525_MG | D142: NA | E142: 44840 | F142: Leah Samuels | G142: fresh, frozen | H142: USA | I142: Illinois | J142: Douglas | K142: County | L142: Chickenbristle | M142: Pasture/lawn | N142: Carya ovata, Quercus macrocarpa | O142: NA | P142: NA | Q142: 39.839318 | R142: -88.36863 | S142: NA | T142: 39.839318 | U142: -88.36863 | V142: Illinois | W142: Douglas | X142: Chickenbristle | Y142: NA | Z142: SYST.MOR.0007245 | AA142: IL | AB142: NA | AC142: alba
A143: SYST.MOR.0007251 | B143: QUE004014 | C143: MN_CDR_215_BF | D143: NA | E143: 44784 | F143: Brett Fredricksen | G143: fresh, frozen | H143: USA | I143: Minnesota | J143: Anoka | K143: County | L143: Cedar Creek Research Station | M143: Forest edge near Savanah area. Relatively flat and sandy | N143: pin oak, chokeberry, bur oak, cherry, Solidago canadensis, milkweed, hazel | O143: NA | P143: NA | Q143: 45.398058 | R143: -93.182769 | S143: NA | T143: NA | U143: NA | V143: Minnesota | W143: Anoka | X143: Cedar Creek Research Station | Y143: NA | Z143: SYST.MOR.0007251 | AA143: MN | AB143: NA | AC143: macrocarpa
A144: SYST.MOR.0007256 | B144: QUE004019 | C144: MN_CDR_531_BF | D144: NA | E144: 44799 | F144: Brett Fredricksen | G144: fresh, frozen | H144: USA | I144: Minnesota | J144: Anoka | K144: County | L144: Cedar Creek Research Station | M144: NA | N144: NA | O144: NA | P144: NA | Q144: 45.400886 | R144: -93.200292 | S144: NA | T144: NA | U144: NA | V144: Minnesota | W144: Anoka | X144: Cedar Creek Research Station | Y144: NA | Z144: SYST.MOR.0007256 | AA144: MN | AB144: NA | AC144: alba
A145: SYST.MOR.0007257 | B145: QUE004020 | C145: MN_CDR_220_BF | D145: NA | E145: 44799 | F145: Brett Fredricksen | G145: fresh, frozen | H145: USA | I145: Minnesota | J145: Anoka | K145: County | L145: Cedar Creek Research Station | M145: Closed canopy forest In a slight gully | N145: Quercus alba, red maple, pin oak, ferns, Hazel, Red pine seedlings, Sedges | O145: NA | P145: NA | Q145: 45.424426 | R145: -93.200337 | S145: NA | T145: NA | U145: NA | V145: Minnesota | W145: Anoka | X145: Cedar Creek Research Station | Y145: NA | Z145: SYST.MOR.0007257 | AA145: MN | AB145: NA | AC145: alba
A146: MOR0001 | B146: MOR1 | C146: MOR1 | D146: IL_GFP_19 | E146: NA | F146: NA | G146: NA | H146: USA | I146: Illinois | J146: DuPage | K146: County | L146: The Morton Arboretum, Ware Field, Bur Oak Common Garden Experiment | M146: NA | N146: NA | O146: NA | P146: NA | Q146: NA | R146: NA | S146: NA | T146: NA | U146: NA | V146: Illinois | W146: DuPage | X146: Greene Valley Forest Preserve | Y146: Naperville | Z146: MOR0001 | AA146: IL | AB146: IL_GFP | AC146: macrocarpa_IL
A147: MOR0002 | B147: MOR2 | C147: MOR2 | D147: MN_BUN_53 | E147: NA | F147: NA | G147: NA | H147: USA | I147: Illinois | J147: DuPage | K147: County | L147: The Morton Arboretum, Ware Field, Bur Oak Common Garden Experiment | M147: NA | N147: NA | O147: NA | P147: NA | Q147: NA | R147: NA | S147: NA | T147: NA | U147: NA | V147: Minnesota | W147: NA | X147: Bunker Hills Regional Park | Y147: NA | Z147: MOR0002 | AA147: MN | AB147: MN_BUN | AC147: macrocarpa_MN
A148: MOR0003 | B148: MOR3 | C148: MOR3 | D148: OK_DRA_22 | E148: NA | F148: NA | G148: NA | H148: USA | I148: Illinois | J148: DuPage | K148: County | L148: The Morton Arboretum, Ware Field, Bur Oak Common Garden Experiment | M148: NA | N148: NA | O148: NA | P148: NA | Q148: NA | R148: NA | S148: NA | T148: NA | U148: NA | V148: Oklahoma | W148: NA | X148: Draper Park | Y148: NA | Z148: MOR0003 | AA148: OK | AB148: OK_DRA | AC148: macrocarpa_OK
A149: MOR0004 | B149: MOR4 | C149: MOR4 | D149: IL_QBP_37 | E149: NA | F149: NA | G149: NA | H149: USA | I149: Illinois | J149: DuPage | K149: County | L149: The Morton Arboretum, Ware Field, Bur Oak Common Garden Experiment | M149: NA | N149: NA | O149: NA | P149: NA | Q149: NA | R149: NA | S149: NA | T149: NA | U149: NA | V149: Illinois | W149: Cook | X149: Queens, Balmoral and Pleasant | Y149: Glenview | Z149: MOR0004 | AA149: IL | AB149: IL_QBP | AC149: macrocarpa_IL
A150: MOR0005 | B150: MOR5 | C150: MOR5 | D150: IL_BFP_13 | E150: NA | F150: NA | G150: NA | H150: USA | I150: Illinois | J150: DuPage | K150: County | L150: The Morton Arboretum, Ware Field, Bur Oak Common Garden Experiment | M150: NA | N150: NA | O150: NA | P150: NA | Q150: NA | R150: NA | S150: NA | T150: NA | U150: NA | V150: Illinois | W150: DuPage | X150: Blackwell Forest Preserve | Y150: Warrenville | Z150: MOR0005 | AA150: IL | AB150: IL_BFP | AC150: macrocarpa_IL
A151: MOR0006 | B151: MOR6 | C151: MOR6 | D151: IL_DFP_6 | E151: NA | F151: NA | G151: NA | H151: USA | I151: Illinois | J151: DuPage | K151: County | L151: The Morton Arboretum, Ware Field, Bur Oak Common Garden Experiment | M151: NA | N151: NA | O151: NA | P151: NA | Q151: NA | R151: NA | S151: NA | T151: NA | U151: NA | V151: Illinois | W151: DuPage | X151: Danada Forest Preserve | Y151: Wheaton | Z151: MOR0006 | AA151: IL | AB151: IL_DFP | AC151: macrocarpa_IL
A152: MOR0007 | B152: MOR7 | C152: MOR7 | D152: IL_MOR_30 | E152: NA | F152: NA | G152: NA | H152: USA | I152: Illinois | J152: DuPage | K152: County | L152: The Morton Arboretum, Ware Field, Bur Oak Common Garden Experiment | M152: NA | N152: NA | O152: NA | P152: NA | Q152: NA | R152: NA | S152: NA | T152: NA | U152: NA | V152: Illinois | W152: DuPage | X152: The Morton Arboretum | Y152: Lisle | Z152: MOR0007 | AA152: IL | AB152: IL_MOR | AC152: macrocarpa_IL
A153: MOR0008 | B153: MOR8 | C153: MOR8 | D153: MN_LOC_55 | E153: NA | F153: NA | G153: NA | H153: USA | I153: Illinois | J153: DuPage | K153: County | L153: The Morton Arboretum, Ware Field, Bur Oak Common Garden Experiment | M153: NA | N153: NA | O153: NA | P153: NA | Q153: NA | R153: NA | S153: NA | T153: NA | U153: NA | V153: Minnesota | W153: NA | X153: Locke County Dog Park | Y153: NA | Z153: MOR0008 | AA153: MN | AB153: MN_LOC | AC153: macrocarpa_MN
A154: MOR0009 | B154: MOR009 | C154: MOR009 | D154: IL_QBP_38 | E154: NA | F154: NA | G154: NA | H154: USA | I154: Illinois | J154: DuPage | K154: County | L154: The Morton Arboretum, Ware Field, Bur Oak Common Garden Experiment | M154: NA | N154: NA | O154: NA | P154: NA | Q154: NA | R154: NA | S154: NA | T154: NA | U154: NA | V154: Illinois | W154: Cook | X154: Queens, Balmoral and Pleasant | Y154: Glenview | Z154: MOR0009 | AA154: IL | AB154: IL_QBP | AC154: macrocarpa_IL
A155: MOR0010 | B155: MOR010 | C155: MOR010 | D155: IL_JAM_33 | E155: NA | F155: NA | G155: NA | H155: USA | I155: Illinois | J155: DuPage | K155: County | L155: The Morton Arboretum, Ware Field, Bur Oak Common Garden Experiment | M155: NA | N155: NA | O155: NA | P155: NA | Q155: NA | R155: NA | S155: NA | T155: NA | U155: NA | V155: Illinois | W155: DuPage | X155: St. James Farm | Y155: Warrenville | Z155: MOR0010 | AA155: IL | AB155: IL_JAM | AC155: macrocarpa_IL
A156: MOR0011 | B156: MOR11 | C156: MOR11 | D156: OK_DRA_24 | E156: NA | F156: NA | G156: NA | H156: USA | I156: Illinois | J156: DuPage | K156: County | L156: The Morton Arboretum, Ware Field, Bur Oak Common Garden Experiment | M156: NA | N156: NA | O156: NA | P156: NA | Q156: NA | R156: NA | S156: NA | T156: NA | U156: NA | V156: Oklahoma | W156: NA | X156: Draper Park | Y156: NA | Z156: MOR0011 | AA156: OK | AB156: OK_DRA | AC156: macrocarpa_OK
A157: MOR0012 | B157: MOR12 | C157: MOR12 | D157: IL_MOR_28 | E157: NA | F157: NA | G157: NA | H157: USA | I157: Illinois | J157: DuPage | K157: County | L157: The Morton Arboretum, Ware Field, Bur Oak Common Garden Experiment | M157: NA | N157: NA | O157: NA | P157: NA | Q157: NA | R157: NA | S157: NA | T157: NA | U157: NA | V157: Illinois | W157: DuPage | X157: The Morton Arboretum | Y157: Lisle | Z157: MOR0012 | AA157: IL | AB157: IL_MOR | AC157: macrocarpa_IL
... A1145: MOR1000 | B1145: MOR1000 | C1145: MOR1000 | D1145: MN_CDR_85 | E1145: NA | F1145: NA | G1145: NA | H1145: USA | I1145: Illinois | J1145: DuPage | K1145: County | L1145: The Morton Arboretum, Ware Field, Bur Oak Common Garden Experiment | M1145: NA | N1145: NA | O1145: NA | P1145: NA | Q1145: NA | R1145: NA | S1145: NA | T1145: NA | U1145: NA | V1145: Minnesota | W1145: NA | X1145: Cedar Creek | Y1145: NA | Z1145: MOR1000 | AA1145: MN | AB1145: MN_CDR | AC1145: macrocarpa_MN
A1146: SYST.MOR.0006717 | B1146: QUE003287 | C1146: IL_HP_MG919_MG | D1146: NA | E1146: 44715 | F1146: Alan Whittemore, Andrew Hipp, Brett Fredericksen, Heather McCarthy, Klara Peterson, Leah Samuels, Mira Garner, Paul Manos | G1146: fresh frozen | H1146: USA | I1146: Illinois | J1146: Johnson | K1146: County | L1146: Heron Pond - Little Black Slough Nature Preserve | M1146: Bottom woodlands, forested, dense understory | N1146: Hickory, Redbud, Pawpaw | O1146: NA | P1146: NA | Q1146: 37.359717 | R1146: -88.91752 | S1146: NA | T1146: 37.359717 | U1146: -88.91752 | V1146: NA | W1146: NA | X1146: Heron Pond - Little Black Slough Nature Preserve | Y1146: NA | Z1146: SYST.MOR.0006717 | AA1146: NA | AB1146: NA | AC1146: michauxii
A1147: SYST.MOR.0006718 | B1147: QUE003288 | C1147: IL_HP_MG920_MG | D1147: NA | E1147: 44715 | F1147: Alan Whittemore, Andrew Hipp, Brett Fredericksen, Heather McCarthy, Klara Peterson, Leah Samuels, Mira Garner, Paul Manos | G1147: fresh frozen | H1147: USA | I1147: Illinois | J1147: Johnson | K1147: County | L1147: Heron Pond - Little Black Slough Nature Preserve | M1147: Wet forest adjacent to creek | N1147: Acer rubrum, Ulmus alata, Morus rubra | O1147: NA | P1147: NA | Q1147: 37.358862 | R1147: -88.917535 | S1147: NA | T1147: 37.358862 | U1147: -88.917535 | V1147: NA | W1147: NA | X1147: Heron Pond - Little Black Slough Nature Preserve | Y1147: NA | Z1147: SYST.MOR.0006718 | AA1147: NA | AB1147: NA | AC1147: michauxii
A1148: SYST.MOR.0006719 | B1148: QUE003289 | C1148: IL_HP_MG921_MG | D1148: NA | E1148: 44715 | F1148: Alan Whittemore, Andrew Hipp, Brett Fredericksen, Heather McCarthy, Klara Peterson, Leah Samuels, Mira Garner, Paul Manos | G1148: fresh frozen | H1148: USA | I1148: Illinois | J1148: Johnson | K1148: County | L1148: Heron Pond - Little Black Slough Nature Preserve | M1148: Bottomlands, dense forest, near river | N1148: Deciduous holly | O1148: NA | P1148: NA | Q1148: 37.357105 | R1148: -88.91694 | S1148: NA | T1148: 37.357105 | U1148: -88.91694 | V1148: NA | W1148: NA | X1148: Heron Pond - Little Black Slough Nature Preserve | Y1148: NA | Z1148: SYST.MOR.0006719 | AA1148: NA | AB1148: NA | AC1148: michauxii
A1149: SYST.MOR.0006726 | B1149: QUE003296 | C1149: MO_SH_007_All | D1149: NA | E1149: 44713 | F1149: Alan Whittemore, Andrew Hipp, Brett Fredericksen, Heather McCarthy, Ian Pearse, Jeannine Cavender-Bares, Klara Peterson, Leah Samuels, Mira Garner, Paul Manos | G1149: fresh frozen | H1149: USA | I1149: Missouri | J1149: Franklin | K1149: County | L1149: Shaw Nature Preserve | M1149: Mermac river bluffs | N1149: Carya ovata, Acer saccharum, Celtis occidentalis, Fraxinus quadrangulata | O1149: NA | P1149: NA | Q1149: 38.461575 | R1149: -90.818703 | S1149: NA | T1149: 38.461575 | U1149: -90.818703 | V1149: NA | W1149: NA | X1149: Shaw Nature Preserve | Y1149: NA | Z1149: SYST.MOR.0006726 | AA1149: NA | AB1149: NA | AC1149: muehlenbergii
A1150: SYST.MOR.0006730 | B1150: QUE003529 | C1150: IL_MOR_138_MG | D1150: NA | E1150: 44705 | F1150: Mira Garner, Keion Mackay, Andrew Hipp | G1150: fresh, frozen | H1150: USA | I1150: Illinois | J1150: DuPage | K1150: County | L1150: The Morton Arboretum | M1150: Oak savanna | N1150: Quercus rubra, Goldenrod, reed canary grass, hackberry, Virginia creeper | O1150: NA | P1150: NA | Q1150: 41.813922 | R1150: -88.062902 | S1150: NA | T1150: 41.813922 | U1150: -88.062902 | V1150: NA | W1150: NA | X1150: The Morton Arboretum | Y1150: NA | Z1150: SYST.MOR.0006730 | AA1150: NA | AB1150: NA | AC1150: alba
A1151: SYST.MOR.0006732 | B1151: QUE003531 | C1151: IL_MOR_136_MG | D1151: NA | E1151: 44705 | F1151: Mira Garner, Keion Mackay, Andrew Hipp | G1151: fresh, frozen | H1151: USA | I1151: Illinois | J1151: DuPage | K1151: County | L1151: The Morton Arboretum | M1151: Oak savanna | N1151: Quercus macrocarpa, Poison ivy, Virginia creeper, Rubus sp., Symphyotrichum sp., sweet joe pye weed, goldenrod | O1151: NA | P1151: NA | Q1151: 41.813846 | R1151: -88.063775 | S1151: NA | T1151: 41.813846 | U1151: -88.063775 | V1151: NA | W1151: NA | X1151: The Morton Arboretum | Y1151: NA | Z1151: SYST.MOR.0006732 | AA1151: NA | AB1151: NA | AC1151: alba
A1152: SYST.MOR.0006746 | B1152: QUE003303 | C1152: MO_SH_014_All | D1152: NA | E1152: 44713 | F1152: Alan Whittemore, Andrew Hipp, Brett Fredericksen, Heather McCarthy, Ian Pearse, Jeannine Cavender-Bares, Klara Peterson, Leah Samuels, Mira Garner, Paul Manos | G1152: fresh frozen | H1152: USA | I1152: Missouri | J1152: Franklin | K1152: County | L1152: Shaw Nature Preserve | M1152: Woodlands, above Mermac River | N1152: Shagbark hickory, Sugar maple, Ulmas sp. | O1152: NA | P1152: NA | Q1152: 38.462749 | R1152: -90.81804 | S1152: NA | T1152: 38.462749 | U1152: -90.81804 | V1152: NA | W1152: NA | X1152: Shaw Nature Preserve | Y1152: NA | Z1152: SYST.MOR.0006746 | AA1152: NA | AB1152: NA | AC1152: alba
A1153: SYST.MOR.0006749 | B1153: QUE003306 | C1153: MO_SH_017_All | D1153: NA | E1153: 44713 | F1153: Alan Whittemore, Andrew Hipp, Brett Fredericksen, Heather McCarthy, Ian Pearse, Jeannine Cavender-Bares, Klara Peterson, Leah Samuels, Mira Garner, Paul Manos | G1153: fresh frozen | H1153: USA | I1153: Missouri | J1153: Franklin | K1153: County | L1153: Shaw Nature Preserve | M1153: Top of hill, open grasslands, near gravel | N1153: Quercus stellata | O1153: NA | P1153: NA | Q1153: 38.462703 | R1153: -90.818742 | S1153: NA | T1153: 38.462703 | U1153: -90.818742 | V1153: NA | W1153: NA | X1153: Shaw Nature Preserve | Y1153: NA | Z1153: SYST.MOR.0006749 | AA1153: NA | AB1153: NA | AC1153: stellata
A1154: SYST.MOR.0006757 | B1154: QUE003313 | C1154: IL_OB_025_All | D1154: NA | E1154: 44714 | F1154: Alan Whittemore, Andrew Hipp, Brett Fredericksen, Heather McCarthy, Jeannine Cavender-Bares, Klara Peterson, Leah Samuels, Mira Garner, Paul Manos | G1154: fresh frozen | H1154: USA | I1154: Illinois | J1154: Jackson | K1154: County | L1154: Oakwood Bottoms, Shawnee National Forest | M1154: Forest bottomlands, floodplain | N1154: Quercus lyrata, Pin oak, American elm, Ash | O1154: NA | P1154: NA | Q1154: NA | R1154: NA | S1154: NA | T1154: NA | U1154: NA | V1154: NA | W1154: NA | X1154: Oakwood Bottoms, Shawnee National Forest | Y1154: NA | Z1154: SYST.MOR.0006757 | AA1154: NA | AB1154: NA | AC1154: lyrata
A1155: SYST.MOR.0006766 | B1155: QUE003321 | C1155: MO_BOT_034_All | D1155: NA | E1155: 44715 | F1155: Alan Whittemore, Andrew Hipp, Brett Fredericksen, Heather McCarthy, Klara Peterson, Leah Samuels, Mira Garner, Paul Manos | G1155: fresh frozen | H1155: USA | I1155: Missouri | J1155: Mississipi | K1155: County | L1155: Big Oak Tree State Park | M1155: Brushy low forest | N1155: Paw paw, Quercus macrocarpa, Quercus lyrata, Celtis laevigata, Ilex decidua | O1155: NA | P1155: NA | Q1155: 36.644928 | R1155: -89.292856 | S1155: NA | T1155: 36.644928 | U1155: -89.292856 | V1155: NA | W1155: NA | X1155: Big Oak Tree State Park | Y1155: NA | Z1155: SYST.MOR.0006766 | AA1155: NA | AB1155: NA | AC1155: lyrata
A1156: SYST.MOR.0006768 | B1156: QUE003323 | C1156: MO_BOT_036_All | D1156: NA | E1156: 44715 | F1156: Alan Whittemore, Andrew Hipp, Brett Fredericksen, Heather McCarthy, Klara Peterson, Leah Samuels, Mira Garner, Paul Manos | G1156: fresh frozen | H1156: USA | I1156: Missouri | J1156: Mississipi | K1156: County | L1156: Big Oak Tree State Park | M1156: NA | N1156: Populus deltoides, Celtis occidentalis, Celtis laevigata | O1156: NA | P1156: NA | Q1156: 36.644699 | R1156: -89.294887 | S1156: NA | T1156: 36.644699 | U1156: -89.294887 | V1156: NA | W1156: NA | X1156: Big Oak Tree State Park | Y1156: NA | Z1156: SYST.MOR.0006768 | AA1156: NA | AB1156: NA | AC1156: lyrata
A1157: SYST.MOR.0006773 | B1157: QUE003328 | C1157: MO_BOT_041_All | D1157: NA | E1157: 44715 | F1157: Alan Whittemore, Andrew Hipp, Brett Fredericksen, Heather McCarthy, Klara Peterson, Leah Samuels, Mira Garner, Paul Manos | G1157: fresh frozen | H1157: USA | I1157: Missouri | J1157: Mississipi | K1157: County | L1157: Big Oak Tree State Park | M1157: Open area, flat, near parking lot, former bottomlands | N1157: 0 | O1157: NA | P1157: NA | Q1157: NA | R1157: NA | S1157: NA | T1157: NA | U1157: NA | V1157: NA | W1157: NA | X1157: Big Oak Tree State Park | Y1157: NA | Z1157: SYST.MOR.0006773 | AA1157: NA | AB1157: NA | AC1157: michauxii
A1158: SYST.MOR.0006774 | B1158: QUE003329 | C1158: MO_BOT_042_All | D1158: NA | E1158: 44715 | F1158: Alan Whittemore, Andrew Hipp, Brett Fredericksen, Heather McCarthy, Klara Peterson, Leah Samuels, Mira Garner, Paul Manos | G1158: fresh frozen | H1158: USA | I1158: Missouri | J1158: Mississipi | K1158: County | L1158: Big Oak Tree State Park | M1158: Forested area, fairly dry, | N1158: Gymnocladus sp., ash, Fraxinus profunda, Liquidambar styraciflua | O1158: NA | P1158: NA | Q1158: NA | R1158: NA | S1158: NA | T1158: NA | U1158: NA | V1158: NA | W1158: NA | X1158: Big Oak Tree State Park | Y1158: NA | Z1158: SYST.MOR.0006774 | AA1158: NA | AB1158: NA | AC1158: michauxii
A1159: SYST.MOR.0006775 | B1159: QUE003330 | C1159: MO_BOT_043_All | D1159: NA | E1159: 44715 | F1159: Alan Whittemore, Andrew Hipp, Brett Fredericksen, Heather McCarthy, Klara Peterson, Leah Samuels, Mira Garner, Paul Manos | G1159: fresh frozen | H1159: USA | I1159: Missouri | J1159: Mississipi | K1159: County | L1159: Big Oak Tree State Park | M1159: Forest, dry, former bottomlands | N1159: Celtis laevigata, Ulmus rubra, Carya sp., Acer saccharinum | O1159: NA | P1159: NA | Q1159: NA | R1159: NA | S1159: NA | T1159: NA | U1159: NA | V1159: NA | W1159: NA | X1159: Big Oak Tree State Park | Y1159: NA | Z1159: SYST.MOR.0006775 | AA1159: NA | AB1159: NA | AC1159: bicolor
A1160: SYST.MOR.0006784 | B1160: QUE003547 | C1160: IA_LNW_052_MG | D1160: NA | E1160: 44721 | F1160: Mira Garner, Leah Samuels, Klara Peterson, Briana Beatty | G1160: fresh, frozen | H1160: USA | I1160: Iowa | J1160: Van Buren | K1160: County | L1160: Lindsay Wilderness | M1160: Worded area, dense foliage | N1160: Ironwood, Arrow wood, Blackberry | O1160: NA | P1160: NA | Q1160: 40.709859 | R1160: -91.796245 | S1160: NA | T1160: 40.709859 | U1160: -91.796245 | V1160: NA | W1160: NA | X1160: Lindsay Wilderness | Y1160: NA | Z1160: SYST.MOR.0006784 | AA1160: NA | AB1160: NA | AC1160: alba
A1161: SYST.MOR.0006789 | B1161: QUE003552 | C1161: IA_LNW_057_MG | D1161: NA | E1161: 44721 | F1161: Mira Garner, Leah Samuels, Klara Peterson, Briana Beatty | G1161: fresh, frozen | H1161: USA | I1161: Iowa | J1161: Van Buren | K1161: County | L1161: Lindsay Wilderness | M1161: Woody, forest, dry | N1161: red maple, red oak, hickory, Redbud | O1161: NA | P1161: NA | Q1161: 40.707006 | R1161: -91.789441 | S1161: NA | T1161: 40.707006 | U1161: -91.789441 | V1161: NA | W1161: NA | X1161: Lindsay Wilderness | Y1161: NA | Z1161: SYST.MOR.0006789 | AA1161: NA | AB1161: NA | AC1161: muehlenbergii
A1162: SYST.MOR.0006797 | B1162: QUE003560 | C1162: IA_LNW_065_MG | D1162: NA | E1162: 44721 | F1162: Mira Garner, Leah Samuels, Klara Peterson, Briana Beatty | G1162: fresh, frozen | H1162: USA | I1162: Iowa | J1162: Van Buren | K1162: County | L1162: Lindsay Wilderness | M1162: Woodlands, bluff hills | N1162: Quercus muehlenbergii, walnut, Virginia creeper, Rose sp., Autumn olive | O1162: NA | P1162: NA | Q1162: 40.703502 | R1162: -91.796851 | S1162: NA | T1162: 40.703502 | U1162: -91.796851 | V1162: NA | W1162: NA | X1162: Lindsay Wilderness | Y1162: NA | Z1162: SYST.MOR.0006797 | AA1162: NA | AB1162: NA | AC1162: bicolor
A1163: SYST.MOR.0006800 | B1163: QUE003563 | C1163: IA_CHP_068_MG | D1163: NA | E1163: 44721 | F1163: Mira Garner, Leah Samuels, Klara Peterson, Briana Beatty | G1163: fresh, frozen | H1163: USA | I1163: Iowa | J1163: Linn | K1163: County | L1163: Cherokee Park | M1163: Open park area | N1163: grass, clover | O1163: NA | P1163: NA | Q1163: 41.973334 | R1163: -91.724764 | S1163: NA | T1163: NA | U1163: NA | V1163: NA | W1163: NA | X1163: Cherokee Park | Y1163: NA | Z1163: SYST.MOR.0006800 | AA1163: NA | AB1163: NA | AC1163: bicolor
A1164: SYST.MOR.0006807 | B1164: QUE003570 | C1164: MO_TRC_075_MG | D1164: NA | E1164: 44733 | F1164: Leah Samuels, Mira Garner, Erin O'Connell | G1164: fresh, frozen | H1164: USA | I1164: Missouri | J1164: St. Louis | K1164: County | L1164: Tyson Research Center | M1164: Side of hill, low foliage, wooded area | N1164: Quercus muehlenbergii, black oak, red oak, hickory, black walnut, Redbud, American hog peanut, Virginia creeper, sassafras | O1164: NA | P1164: NA | Q1164: 38.512209 | R1164: -90.576047 | S1164: NA | T1164: 38.512209 | U1164: -90.576047 | V1164: NA | W1164: NA | X1164: Tyson Research Center | Y1164: NA | Z1164: SYST.MOR.0006807 | AA1164: NA | AB1164: NA | AC1164: muehlenbergii
A1165: SYST.MOR.0006809 | B1165: QUE003572 | C1165: MO_TRC_077_MG | D1165: NA | E1165: 44733 | F1165: Leah Samuels, Mira Garner, Erin O'Connell | G1165: fresh, frozen | H1165: USA | I1165: Missouri | J1165: St. Louis | K1165: County | L1165: Tyson Research Center | M1165: Hillside, low foliage, wooded forest | N1165: red oak, white oak, black oak, sugar maple, Fragrant sumac, Virginia creeper, redbud, American hog peanut | O1165: NA | P1165: NA | Q1165: 38.512355 | R1165: -90.576186 | S1165: NA | T1165: 38.512355 | U1165: -90.576186 | V1165: NA | W1165: NA | X1165: Tyson Research Center | Y1165: NA | Z1165: SYST.MOR.0006809 | AA1165: NA | AB1165: NA | AC1165: muehlenbergii
A1166: SYST.MOR.0006815 | B1166: QUE003578 | C1166: MO_TRC_083_MG | D1166: NA | E1166: 44733 | F1166: Leah Samuels, Mira Garner, Erin O'Connell | G1166: fresh, frozen | H1166: USA | I1166: Missouri | J1166: St. Louis | K1166: County | L1166: Tyson Research Center | M1166: Low sparse foliage, wooded area | N1166: hickory, Quercus stellata, black oak, ash, Honeysuckle, poison ivy, Carolina buckthorn, Virginia creeper | O1166: NA | P1166: NA | Q1166: 38.514397 | R1166: -90.555689 | S1166: NA | T1166: 38.514397 | U1166: -90.555689 | V1166: NA | W1166: NA | X1166: Tyson Research Center | Y1166: NA | Z1166: SYST.MOR.0006815 | AA1166: NA | AB1166: NA | AC1166: stellata
A1167: SYST.MOR.0006822 | B1167: QUE003585 | C1167: MO_HHT_090_MG | D1167: NA | E1167: 44734 | F1167: Leah Samuels, Mira Garner | G1167: fresh, frozen | H1167: USA | I1167: Missouri | J1167: Camden | K1167: County | L1167: Ha Ha Tonka State Park | M1167: Open woodlands | N1167: Quercus stellata, black oak, Sunflower, fragrant sumac, common dittany, Virginia creeper, American hog peanut | O1167: NA | P1167: NA | Q1167: 37.97832 | R1167: -92.768426 | S1167: NA | T1167: 37.97832 | U1167: -92.768426 | V1167: NA | W1167: NA | X1167: Ha Ha Tonka State Park | Y1167: NA | Z1167: SYST.MOR.0006822 | AA1167: NA | AB1167: NA | AC1167: alba
A1168: SYST.MOR.0006831 | B1168: QUE003594 | C1168: MO_HHT_099_MG | D1168: NA | E1168: 44734 | F1168: Leah Samuels, Mira Garner | G1168: fresh, frozen | H1168: USA | I1168: Missouri | J1168: Camden | K1168: County | L1168: Ha Ha Tonka State Park | M1168: Open woodlands, hillside, minimal foliage | N1168: Quercus alba, eastern red cedar, Dogwood, service berries, fragrant sumac | O1168: NA | P1168: NA | Q1168: 37.977505 | R1168: -92.773662 | S1168: NA | T1168: 37.977505 | U1168: -92.773662 | V1168: NA | W1168: NA | X1168: Ha Ha Tonka State Park | Y1168: NA | Z1168: SYST.MOR.0006831 | AA1168: NA | AB1168: NA | AC1168: alba
A1169: SYST.MOR.0006832 | B1169: QUE003595 | C1169: MO_HHT_100_MG | D1169: NA | E1169: 44734 | F1169: Leah Samuels, Mira Garner | G1169: fresh, frozen | H1169: USA | I1169: Missouri | J1169: Camden | K1169: County | L1169: Ha Ha Tonka State Park | M1169: Open forest | N1169: sugar maple, Quercus alba, white ash, American hog peanut, poison ivy, fragrant sumac, coral berry, sunflower, Virginia creeper, hickory | O1169: NA | P1169: NA | Q1169: 37.977033 | R1169: -92.768855 | S1169: NA | T1169: 37.977033 | U1169: -92.768855 | V1169: NA | W1169: NA | X1169: Ha Ha Tonka State Park | Y1169: NA | Z1169: SYST.MOR.0006832 | AA1169: NA | AB1169: NA | AC1169: stellata
A1170: SYST.MOR.0006835 | B1170: QUE003598 | C1170: MO_PSP_MG923_MG | D1170: NA | E1170: 44735 | F1170: Leah Samuels, Mira Garner, Andrew Braun | G1170: fresh, frozen | H1170: USA | I1170: Missouri | J1170: Barton | K1170: County | L1170: Prairie State Park | M1170: Edge of prairie | N1170: gum bumelia, pin oak, American elm, Q. stellata, Gentian, crownbeard, coral berry, grasses, ragweed | O1170: NA | P1170: NA | Q1170: 37.532183 | R1170: -94.575127 | S1170: NA | T1170: 37.532183 | U1170: -94.575127 | V1170: NA | W1170: NA | X1170: Prairie State Park | Y1170: NA | Z1170: SYST.MOR.0006835 | AA1170: NA | AB1170: NA | AC1170: muehlenbergii
A1171: SYST.MOR.0006838 | B1171: QUE003601 | C1171: MO_PSP_MG926_MG | D1171: NA | E1171: 44735 | F1171: Leah Samuels, Mira Garner, Andrew Braun | G1171: fresh, frozen | H1171: USA | I1171: Missouri | J1171: Barton | K1171: County | L1171: Prairie State Park | M1171: Wooded area near prairie | N1171: hackberry, elm, pin oak, red mulberry, American hog peanut, sassafras, grasses, coral berry | O1171: NA | P1171: NA | Q1171: 37.532757 | R1171: -94.574669 | S1171: NA | T1171: 37.532757 | U1171: -94.574669 | V1171: NA | W1171: NA | X1171: Prairie State Park | Y1171: NA | Z1171: SYST.MOR.0006838 | AA1171: NA | AB1171: NA | AC1171: stellata
A1172: SYST.MOR.0006841 | B1172: QUE003604 | C1172: OK_RRC_107_MG | D1172: NA | E1172: 44736 | F1172: Leah Samuels, Mira Garner | G1172: fresh, frozen | H1172: USA | I1172: Oklahoma | J1172: Caddo | K1172: County | L1172: Red Rock Canyon Adventure Park | M1172: Dense forest, near river | N1172: Quercus stellata, gum bumelia, eastern red cedar, Quercus muehlenbergii, Elm, coralberry, Solomon's seal, moonseed, Virginia creeper, redbud | O1172: NA | P1172: NA | Q1172: 35.435972 | R1172: -98.355532 | S1172: NA | T1172: 35.435972 | U1172: -98.355532 | V1172: NA | W1172: NA | X1172: Red Rock Canyon Adventure Park | Y1172: NA | Z1172: SYST.MOR.0006841 | AA1172: NA | AB1172: NA | AC1172: stellata
A1173: SYST.MOR.0006848 | B1173: QUE003611 | C1173: OK_RRC_113_MG | D1173: NA | E1173: 44736 | F1173: Leah Samuels, Mira Garner | G1173: fresh, frozen | H1173: USA | I1173: Oklahoma | J1173: Caddo | K1173: County | L1173: Red Rock Canyon Adventure Park | M1173: Dry, open, some trees, little foliage, sandy and rocky | N1173: eastern red cedar, Plains fleabane, Indian blanket, grasses | O1173: NA | P1173: NA | Q1173: 35.436552 | R1173: -98.353515 | S1173: NA | T1173: 35.436552 | U1173: -98.353515 | V1173: NA | W1173: NA | X1173: Red Rock Canyon Adventure Park | Y1173: NA | Z1173: SYST.MOR.0006848 | AA1173: NA | AB1173: NA | AC1173: stellata
A1174: SYST.MOR.0006856 | B1174: QUE003619 | C1174: OK_RRC_121_MG | D1174: NA | E1174: 44736 | F1174: Leah Samuels, Mira Garner | G1174: fresh, frozen | H1174: USA | I1174: Oklahoma | J1174: Caddo | K1174: County | L1174: Red Rock Canyon Adventure Park | M1174: Side of hill, forested area, rocky, sandy soil | N1174: Quercus stellata, eastern red cedar, Hackberry, winged elm, grasses | O1174: NA | P1174: NA | Q1174: 35.436058 | R1174: -98.355746 | S1174: NA | T1174: 35.436058 | U1174: -98.355746 | V1174: NA | W1174: NA | X1174: Red Rock Canyon Adventure Park | Y1174: NA | Z1174: SYST.MOR.0006856 | AA1174: NA | AB1174: NA | AC1174: stellata
A1175: SYST.MOR.0006877 | B1175: QUE003640 | C1175: TN_BCP_155_MG | D1175: NA | E1175: 44753 | F1175: Leah Samuels, Mira Garner, Andrew Hipp | G1175: fresh, frozen | H1175: USA | I1175: Tennessee | J1175: Sumner | K1175: County | L1175: Bledsoe Creek State Park | M1175: Hillside forest, sparse foliage, clear reservoir | N1175: Acer saccharum, red oak group, Fraxinus sp., Fern, Moss, Carex sp. | O1175: NA | P1175: NA | Q1175: 36.377459 | R1175: -86.35126 | S1175: NA | T1175: 36.377459 | U1175: -86.35126 | V1175: NA | W1175: NA | X1175: Bledsoe Creek State Park | Y1175: NA | Z1175: SYST.MOR.0006877 | AA1175: NA | AB1175: NA | AC1175: alba
... A1233: SYST.MOR.0007181 | B1233: QUE003944 | C1233: IL_RCA_461_MG | D1233: NA | E1233: 44812 | F1233: Leah Samuels, Mira Garner | G1233: fresh, frozen | H1233: USA | I1233: Illinois | J1233: Lake | K1233: County | L1233: Ryerson Conservation Area | M1233: Dense underbrush, forest | N1233: Acer sp., Quercus macrocarpa, Goldenrods, American hog peanut, Poison ivy, Virginia creeper, Wild geranium, Erigeron sp., Great blue lobelia, Carex sp., Rosa sp., Elymus sp., Common jewel weed | O1233: NA | P1233: NA | Q1233: 42.182007 | R1233: -87.911914 | S1233: NA | T1233: 42.182007 | U1233: -87.911914 | V1233: NA | W1233: NA | X1233: Ryerson Conservation Area | Y1233: NA | Z1233: SYST.MOR.0007181 | AA1233: NA | AB1233: NA | AC1233: macrocarpa
A1234: OAK.MOR.001245 | B1234: QUE001840 | C1234: MO-MG326 | D1234: NA | E1234: 42905 | F1234: Mira Garner, Sara Desmond | G1234: fresh, frozen | H1234: USA | I1234: Missouri | J1234: Camden | K1234: County | L1234: Ha Ha Tonka State Park | M1234: Oak Savanna | N1234: Quercus alba, Q. muehlenbergii, Q. stellata | O1234: NA | P1234: NA | Q1234: 37.973 | R1234: -92.76217 | S1234: 185796 | T1234: 37.973 | U1234: -92.76217 | V1234: MO | W1234: NA | X1234: Ha Ha Tonka State Park | Y1234: NA | Z1234: OAK.MOR.001245 | AA1234: NA | AB1234: NA | AC1234: muehlenbergii
A1235: OAK.MOR.001442 | B1235: QUE002149 | C1235: QUAL-1048 | D1235: NA | E1235: 42961 | F1235: Paul Gugger | G1235: fresh, frozen | H1235: USA | I1235: Vermont | J1235: Addison | K1235: County | L1235: 623-915 Greenbush Rd, Ferrisburg, VT, US | M1235: NA | N1235: NA | O1235: NA | P1235: NA | Q1235: 44.235423 | R1235: -73.243422 | S1235: 186192 | T1235: 44.235423 | U1235: -73.243422 | V1235: VT | W1235: Addison | X1235: 623-915 Greenbush Rd, Ferrisburg, VT, US | Y1235: Ferrisburgh | Z1235: OAK.MOR.001442 | AA1235: NA | AB1235: NA | AC1235: alba
A1236: OAK.MOR.001468 | B1236: QUE002240 | C1236: KS-MG420 | D1236: NA | E1236: 42914 | F1236: Mira Garner, Craig C. Freeman, Sara Desmond | G1236: fresh, frozen | H1236: USA | I1236: Kansas | J1236: Johnson | K1236: County | L1236: Shawnee Mission Park | M1236: Woods | N1236: NA | O1236: NA | P1236: NA | Q1236: 38.97934 | R1236: -94.80537 | S1236: 184713 | T1236: 38.97934 | U1236: -94.80537 | V1236: KS | W1236: NA | X1236: Shawnee Mission Park | Y1236: NA | Z1236: OAK.MOR.001468 | AA1236: NA | AB1236: NA | AC1236: stellata
A1237: OAK.MOR.001377 | B1237: QUE001871 | C1237: OK-MG290 | D1237: NA | E1237: 42906 | F1237: Mira Garner, Sara Desmond | G1237: fresh, frozen | H1237: USA | I1237: Oklahoma | J1237: Osage | K1237: County | L1237: Pawhuska, Tallgrass Prairie Preserve | M1237: edge of prairie | N1237: NA | O1237: NA | P1237: NA | Q1237: 36.84354 | R1237: -96.4292 | S1237: 185824 | T1237: 36.84354 | U1237: -96.4292 | V1237: OK | W1237: NA | X1237: Pawhuska, Tallgrass Prairie Preserve | Y1237: NA | Z1237: OAK.MOR.001377 | AA1237: NA | AB1237: NA | AC1237: stellata
