Workbook

Sheet TableS4
A1: Specimen Code | B1: Species Determination | C1: Parent Species | D1: Pure | E1: F1 | F1: F2 | G1: Bx1 | H1: Bx2 | I1: Bx3 | J1: Hybrid Class | K1: state | L1: site | M1: lat | N1: lon
A2: QUE001334 | B2: Q. macrocarpa | C2: Q. macrocarpa | D2: 0.9985 | E2: 0 | F2: 0 | G2: 0 | H2: 0 | I2: 0.0015 | J2: Unadmixed | K2: =VLOOKUP(A2,metadata!A:I,9,FALSE) -> IL | L2: =VLOOKUP(A2,metadata!A:F,6,FALSE) -> GalesburgIL | M2: =VLOOKUP(A2,metadata!A:D,4,FALSE) -> 40.990945 | N2: =VLOOKUP(A2,metadata!A:E,5,FALSE) -> -90.402384
A3: QUE001337 | B3: Q. macrocarpa | C3: Q. macrocarpa | D3: 0.99831 | E3: 0 | F3: 0 | G3: 0 | H3: 1e-05 | I3: 0.00168 | J3: Unadmixed | K3: =VLOOKUP(A3,metadata!A:I,9,FALSE) -> IL | L3: =VLOOKUP(A3,metadata!A:F,6,FALSE) -> GalesburgIL | M3: =VLOOKUP(A3,metadata!A:D,4,FALSE) -> 40.990457 | N3: =VLOOKUP(A3,metadata!A:E,5,FALSE) -> -90.405752
A4: QUE001338 | B4: Q. macrocarpa | C4: Q. macrocarpa | D4: 0.99678 | E4: 0 | F4: 0 | G4: 0 | H4: 0 | I4: 0.00322 | J4: Unadmixed | K4: =VLOOKUP(A4,metadata!A:I,9,FALSE) -> IL | L4: =VLOOKUP(A4,metadata!A:F,6,FALSE) -> GalesburgIL | M4: =VLOOKUP(A4,metadata!A:D,4,FALSE) -> 40.990457 | N4: =VLOOKUP(A4,metadata!A:E,5,FALSE) -> -90.405752
A5: QUE001339 | B5: Q. macrocarpa | C5: Q. macrocarpa | D5: 0.99979 | E5: 0 | F5: 0 | G5: 0 | H5: 0 | I5: 0.00021 | J5: Unadmixed | K5: =VLOOKUP(A5,metadata!A:I,9,FALSE) -> IL | L5: =VLOOKUP(A5,metadata!A:F,6,FALSE) -> GalesburgIL | M5: =VLOOKUP(A5,metadata!A:D,4,FALSE) -> 40.990457 | N5: =VLOOKUP(A5,metadata!A:E,5,FALSE) -> -90.405752
A6: QUE001342 | B6: Q. macrocarpa | C6: Q. macrocarpa | D6: 0.99521 | E6: 0 | F6: 0 | G6: 0 | H6: 0 | I6: 0.00478 | J6: Unadmixed | K6: =VLOOKUP(A6,metadata!A:I,9,FALSE) -> IL | L6: =VLOOKUP(A6,metadata!A:F,6,FALSE) -> GalesburgIL | M6: =VLOOKUP(A6,metadata!A:D,4,FALSE) -> 40.990553 | N6: =VLOOKUP(A6,metadata!A:E,5,FALSE) -> -90.399817
A7: QUE001343 | B7: Q. macrocarpa | C7: Q. macrocarpa | D7: 0.99156 | E7: 0 | F7: 0 | G7: 0 | H7: 0 | I7: 0.00844 | J7: Unadmixed | K7: =VLOOKUP(A7,metadata!A:I,9,FALSE) -> IL | L7: =VLOOKUP(A7,metadata!A:F,6,FALSE) -> GalesburgIL | M7: =VLOOKUP(A7,metadata!A:D,4,FALSE) -> 40.989198 | N7: =VLOOKUP(A7,metadata!A:E,5,FALSE) -> -90.398409
A8: QUE001344 | B8: N/A | C8: Q. macrocarpa - Q. alba | D8: 0 | E8: 1 | F8: 0 | G8: 0 | H8: 0 | I8: 0 | J8: F1 | K8: =VLOOKUP(A8,metadata!A:I,9,FALSE) -> IL | L8: =VLOOKUP(A8,metadata!A:F,6,FALSE) -> GalesburgIL | M8: =VLOOKUP(A8,metadata!A:D,4,FALSE) -> 40.988718 | N8: =VLOOKUP(A8,metadata!A:E,5,FALSE) -> -90.398239
A9: QUE001345 | B9: Q. macrocarpa | C9: Q. macrocarpa | D9: 0.99758 | E9: 0 | F9: 0 | G9: 0 | H9: 0 | I9: 0.00242 | J9: Unadmixed | K9: =VLOOKUP(A9,metadata!A:I,9,FALSE) -> IL | L9: =VLOOKUP(A9,metadata!A:F,6,FALSE) -> GalesburgIL | M9: =VLOOKUP(A9,metadata!A:D,4,FALSE) -> 40.988718 | N9: =VLOOKUP(A9,metadata!A:E,5,FALSE) -> -90.398239
A10: QUE001346 | B10: Q. macrocarpa | C10: Q. macrocarpa | D10: 0.99759 | E10: 0 | F10: 0 | G10: 0 | H10: 0 | I10: 0.00241 | J10: Unadmixed | K10: =VLOOKUP(A10,metadata!A:I,9,FALSE) -> IL | L10: =VLOOKUP(A10,metadata!A:F,6,FALSE) -> GalesburgIL | M10: =VLOOKUP(A10,metadata!A:D,4,FALSE) -> 40.988718 | N10: =VLOOKUP(A10,metadata!A:E,5,FALSE) -> -90.398239
A11: QUE001347 | B11: Q. macrocarpa | C11: Q. macrocarpa | D11: 0.99414 | E11: 0 | F11: 0 | G11: 0 | H11: 0 | I11: 0.00586 | J11: Unadmixed | K11: =VLOOKUP(A11,metadata!A:I,9,FALSE) -> IL | L11: =VLOOKUP(A11,metadata!A:F,6,FALSE) -> GalesburgIL | M11: =VLOOKUP(A11,metadata!A:D,4,FALSE) -> 40.987492 | N11: =VLOOKUP(A11,metadata!A:E,5,FALSE) -> -90.393722
A12: QUE001348 | B12: Q. macrocarpa | C12: Q. macrocarpa | D12: 0.98637 | E12: 0 | F12: 0 | G12: 0 | H12: 3e-05 | I12: 0.0136 | J12: Unadmixed | K12: =VLOOKUP(A12,metadata!A:I,9,FALSE) -> IL | L12: =VLOOKUP(A12,metadata!A:F,6,FALSE) -> GalesburgIL | M12: =VLOOKUP(A12,metadata!A:D,4,FALSE) -> 40.987802 | N12: =VLOOKUP(A12,metadata!A:E,5,FALSE) -> -90.393579
A13: QUE001350 | B13: Q. macrocarpa | C13: Q. macrocarpa | D13: 0.99624 | E13: 0 | F13: 0 | G13: 0 | H13: 1e-05 | I13: 0.00375 | J13: Unadmixed | K13: =VLOOKUP(A13,metadata!A:I,9,FALSE) -> IL | L13: =VLOOKUP(A13,metadata!A:F,6,FALSE) -> GalesburgIL | M13: =VLOOKUP(A13,metadata!A:D,4,FALSE) -> 40.987996 | N13: =VLOOKUP(A13,metadata!A:E,5,FALSE) -> -90.393384
... A363: QUE002647 | B363: Q. macrocarpa | C363: Q. macrocarpa | D363: 0.98285 | E363: 0 | F363: 0 | G363: 0 | H363: 2e-05 | I363: 0.01713 | J363: Unadmixed | K363: =VLOOKUP(A363,metadata!A:I,9,FALSE) -> MN | L363: =VLOOKUP(A363,metadata!A:F,6,FALSE) -> AustinMN | M363: =VLOOKUP(A363,metadata!A:D,4,FALSE) -> 43.677 | N363: =VLOOKUP(A363,metadata!A:E,5,FALSE) -> -92.93769

Sheet metadata
A1: Specimen Code | B1: Species | C1: Georeferenced? | D1: Latitude | E1: Longitude | F1: Site | G1: DNA Extraction Code | H1: Country | I1: State/Province | J1: Collector | K1: Collection Number | L1: Collection Date
A2: QUE002637 | B2: Q. macrocarpa | C2: Y | D2: 43.68836 | E2: -92.92859 | F2: AustinMN | G2: JCB-21 | H2: USA | I2: MN | J2: Cathleen Nguyen | K2: MN_FS_110 | L2: 42973
A3: QUE002631 | B3: Q. macrocarpa | C3: Y | D3: 43.68481 | E3: -92.92696 | F3: AustinMN | G3: JCB-23 | H3: USA | I3: MN | J3: Cathleen Nguyen | K3: MN_FS_104 | L3: 42973
A4: QUE002647 | B4: Q. macrocarpa | C4: Y | D4: 43.677 | E4: -92.93769 | F4: AustinMN | G4: JCB-30 | H4: USA | I4: MN | J4: Cathleen Nguyen | K4: MN_JCH_111 | L4: 42971
A5: QUE002613 | B5: Q. macrocarpa | C5: Y | D5: 42.04141 | E5: -93.678679 | F5: AmesIA | G5: JCB-40 | H5: USA | I5: IA | J5: Cathleen Nguyen | K5: IA_101 | L5: 42983
A6: QUE002614 | B6: Q. macrocarpa | C6: Y | D6: 42.049533 | E6: -93.679052 | F6: AmesIA | G6: JCB-41 | H6: USA | I6: IA | J6: Cathleen Nguyen | K6: IA_102 | L6: 42979
A7: QUE002616 | B7: Q. macrocarpa | C7: Y | D7: 42.030898 | E7: -93.632418 | F7: AmesIA | G7: JCB-43 | H7: USA | I7: IA | J7: Cathleen Nguyen | K7: IA_104 | L7: 42979
A8: QUE002617 | B8: Q. macrocarpa | C8: Y | D8: 42.023609 | E8: -93.633087 | F8: AmesIA | G8: JCB-44 | H8: USA | I8: IA | J8: Cathleen Nguyen | K8: IA_105 | L8: 42979
A9: QUE002599 | B9: Q. macrocarpa | C9: Y | D9: 44.226111 | E9: -93.471944 | F9: SakatahLakeMN | G9: JCB-54 | H9: USA | I9: MN | J9: Cathleen Nguyen | K9: MN_SL_112 | L9: 42992
A10: QUE002628 | B10: Q. macrocarpa | C10: N | D10: NA | E10: NA | F10: NA | G10: JCB-58 | H10: USA | I10: MN | J10: Cathleen Nguyen | K10: MN_FS_101 | L10: 42973
A11: QUE002601 | B11: Q. macrocarpa | C11: Y | D11: 44.86798 | E11: -93.03203 | F11: TwinCitiesMN | G11: JCB-68 | H11: USA | I11: MN | J11: Cathleen Nguyen | K11: MN_CDR_102 | L11: 42972
A12: QUE002638 | B12: Q. macrocarpa | C12: Y | D12: 43.677 | E12: -92.93769 | F12: AustinMN | G12: JCB-73 | H12: USA | I12: MN | J12: Cathleen Nguyen | K12: MN_JCH_101 | L12: 42971
A13: QUE002615 | B13: Q. macrocarpa | C13: Y | D13: 42.036203 | E13: -93.639256 | F13: AmesIA | G13: JCB-79 | H13: USA | I13: IA | J13: Cathleen Nguyen | K13: IA_103 | L13: 42979
A14: QUE002595 | B14: Q. macrocarpa | C14: Y | D14: 44.224444 | E14: -93.528333 | F14: SakatahLakeMN | G14: JCB-85 | H14: USA | I14: MN | J14: Cathleen Nguyen | K14: MN_SL_108 | L14: 42992
A15: QUE002634 | B15: Q. macrocarpa | C15: Y | D15: 43.68461 | E15: -92.92134 | F15: AustinMN | G15: JCB-90 | H15: USA | I15: MN | J15: Cathleen Nguyen | K15: MN_FS_107 | L15: 42973
A16: QUE002590 | B16: Q. macrocarpa | C16: Y | D16: 45.38953 | E16: -93.19485 | F16: CedarCreekMN | G16: JCB-91 | H16: USA | I16: MN | J16: Cathleen Nguyen | K16: MN_SL_101 | L16: 42975
A17: QUE002608 | B17: Q. macrocarpa | C17: Y | D17: 45.422222 | E17: -93.188056 | F17: SakatahLakeMN | G17: JCB-97 | H17: USA | I17: MN | J17: Cathleen Nguyen | K17: MN_CDR_109 | L17: 42991
A18: QUE002641 | B18: Q. macrocarpa | C18: Y | D18: 43.68531 | E18: -92.92292 | F18: AustinMN | G18: JCB-99 | H18: USA | I18: MN | J18: Cathleen Nguyen | K18: MN_JCH_105 | L18: 42971
A19: QUE001334 | B19: Q. macrocarpa | C19: Y | D19: 40.990945 | E19: -90.402384 | F19: GalesburgIL | G19: OAK-MOR-000739 | H19: USA | I19: IL | J19: Nick Steichmann | K19: IL-LAKESTOREY-NS2 | L19: 42187
A20: QUE001337 | B20: Q. macrocarpa | C20: Y | D20: 40.990457 | E20: -90.405752 | F20: GalesburgIL | G20: OAK-MOR-000742 | H20: USA | I20: IL | J20: Nick Steichmann | K20: IL-LAKESTOREY-NS5 | L20: 42187
A21: QUE001338 | B21: Q. macrocarpa | C21: Y | D21: 40.990457 | E21: -90.405752 | F21: GalesburgIL | G21: OAK-MOR-000743 | H21: USA | I21: IL | J21: Nick Steichmann | K21: IL-LAKESTOREY-NS6 | L21: 42187
A22: QUE001339 | B22: Q. macrocarpa | C22: Y | D22: 40.990457 | E22: -90.405752 | F22: GalesburgIL | G22: OAK-MOR-000744 | H22: USA | I22: IL | J22: Nick Steichmann | K22: IL-LAKESTOREY-NS7 | L22: 42187
... A106: QUE001982 | B106: Q. macrocarpa | C106: Y | D106: 46.0259 | E106: -91.14288 | F106: RoundLakeWI | G106: OAK-MOR-001265 | H106: USA | I106: WI | J106: Mira Garner; Sara Desmond | K106: WI-MG538 | L106: 42925
A107: QUE002057 | B107: Q. macrocarpa | C107: Y | D107: 38.963586 | E107: -98.58906 | F107: MinookaKS | G107: OAK-MOR-001266 | H107: USA | I107: KS | J107: Ian Pearse | K107: Minooka 2 | L107: NA
A108: QUE002074 | B108: Q. macrocarpa | C108: Y | D108: 39.839311 | E108: -88.367745 | F108: ChickenbristleIL | G108: OAK-MOR-001267 | H108: USA | I108: IL | J108: Ian Pearse | K108: Chickenbristle 3 | L108: NA
A109: QUE002075 | B109: Q. alba | C109: Y | D109: 39.839311 | E109: -88.367745 | F109: ChickenbristleIL | G109: OAK-MOR-001268 | H109: USA | I109: IL | J109: Ian Pearse | K109: Chickenbristle 4 | L109: NA
A110: QUE002081 | B110: Q. macrocarpa | C110: Y | D110: 37.51492 | E110: -89.4445 | F110: ShawneeIL | G110: OAK-MOR-001269 | H110: USA | I110: IL | J110: Mira Garner; Sara Desmond | K110: IL-MG602 | L110: 42941
A111: QUE002082 | B111: Q. macrocarpa | C111: Y | D111: 37.51639 | E111: -89.44535 | F111: ShawneeIL | G111: OAK-MOR-001270 | H111: USA | I111: IL | J111: Mira Garner; Sara Desmond | K111: IL-MG603 | L111: 42941
A112: QUE002085 | B112: Q. macrocarpa | C112: Y | D112: 38.7362 | E112: -86.41257 | F112: SpringMillIN | G112: OAK-MOR-001271 | H112: USA | I112: IN | J112: Mira Garner; Sara Desmond | K112: IN-MG606 | L112: 42942
A113: QUE002091 | B113: Q. alba | C113: Y | D113: 38.73631 | E113: -86.41434 | F113: SpringMillIN | G113: OAK-MOR-001273 | H113: USA | I113: IN | J113: Mira Garner; Sara Desmond | K113: IN-MG612 | L113: 42942
A114: QUE002098 | B114: Q. muehlenbergii | C114: Y | D114: 38.73743 | E114: -86.41263 | F114: SpringMillIN | G114: OAK-MOR-001274 | H114: USA | I114: IN | J114: Mira Garner; Sara Desmond | K114: IN-MG619 | L114: 42942
A115: QUE002105 | B115: Q. macrocarpa | C115: Y | D115: 40.45916 | E115: -85.50807 | F115: TaylorIN | G115: OAK-MOR-001277 | H115: USA | I115: IN | J115: Mira Garner; Sara Desmond | K115: IN-MG626 | L115: 42943
A116: QUE002108 | B116: Q. alba | C116: Y | D116: 40.45911 | E116: -85.50917 | F116: TaylorIN | G116: OAK-MOR-001278 | H116: USA | I116: IN | J116: Mira Garner; Sara Desmond | K116: IN-MG629 | L116: 42943
A117: QUE002121 | B117: Q. alba | C117: Y | D117: 41.65738 | E117: -87.06045 | F117: DunesIN | G117: OAK-MOR-001279 | H117: USA | I117: IN | J117: Mira Garner; Kasey Pham | K117: IN-MG642 | L117: 42957
A118: QUE002129 | B118: Q. macrocarpa | C118: Y | D118: 41.96233 | E118: -73.313005 | F118: LitchfieldCT | G118: OAK-MOR-001280 | H118: USA | I118: CT | J118: Paul Gugger | K118: QUMAC-1028 | L118: 42960
A119: QUE002133 | B119: Q. macrocarpa | C119: Y | D119: 42.166649 | E119: -73.41209 | F119: BerkshireMA | G119: OAK-MOR-001282 | H119: USA | I119: MA | J119: Paul Gugger | K119: QUMAC-1032 | L119: 42960
A120: QUE002138 | B120: Q. alba | C120: Y | D120: 43.604683 | E120: -73.180401 | F120: RutlandVT | G120: OAK-MOR-001284 | H120: USA | I120: VT | J120: Paul Gugger | K120: QUAL-1037 | L120: 42960
A121: QUE002154 | B121: Q. macrocarpa | C121: Y | D121: 44.400681 | E121: -73.23757 | F121: BurlingtonVT | G121: OAK-MOR-001286 | H121: USA | I121: VT | J121: Paul Gugger | K121: QUMAC-1053 | L121: 42961
... A161: QUE002375 | B161: Q. alba | C161: Y | D161: 43.01817 | E161: -90.11679 | F161: DodgevilleWI | G161: OAK-MOR-001347 | H161: USA | I161: WI | J161: Mira Garner | K161: WI-MG712 | L161: 42969
A162: QUE001610 | B162: Q. macrocarpa | C162: Y | D162: 41.81347 | E162: -88.06293 | F162: MortonArbIL | G162: OAK-MOR-001348 | H162: USA | I162: IL | J162: Andrew L. Hipp & Mira Garner | K162: 2017001 | L162: 42867
A163: QUE001796 | B163: Q. macrocarpa | C163: Y | D163: 42.03033 | E163: -93.632 | F163: AmesIA | G163: OAK-MOR-001361 | H163: USA | I163: IA | J163: Mira Garner; Sara Desmond; Douglas McNew; Thomas Harrington | K163: IA-MG-252 | L163: 42900
A164: QUE001846 | B164: Q. alba | C164: Y | D164: 37.97414 | E164: -92.76266 | F164: HaHaTonkaMO | G164: OAK-MOR-001371 | H164: USA | I164: MO | J164: Mira Garner; Sara Desmond | K164: MO-MG332 | L164: 42905
A165: QUE001871 | B165: Q. stellata | C165: Y | D165: 36.84354 | E165: -96.4292 | F165: PawhuskaOK | G165: OAK-MOR-001377 | H165: USA | I165: OK | J165: Mira Garner; Sara Desmond | K165: OK-MG290 | L165: 42906
A166: QUE001877 | B166: Q. stellata | C166: Y | D166: 36.84541 | E166: -96.41918 | F166: PawhuskaOK | G166: OAK-MOR-001378 | H166: USA | I166: OK | J166: Mira Garner; Sara Desmond | K166: OK-MG346 | L166: 42906
A167: QUE001878 | B167: Q. macrocarpa | C167: Y | D167: 36.2107 | E167: -95.89476 | F167: TulsaOK | G167: OAK-MOR-001379 | H167: USA | I167: OK | J167: Mira Garner; Sara Desmond | K167: OK-MG347 | L167: 42906
A168: QUE001882 | B168: Q. macrocarpa | C168: Y | D168: 36.22064 | E168: -95.89876 | F168: TulsaOK | G168: OAK-MOR-001380 | H168: USA | I168: OK | J168: Mira Garner; Sara Desmond | K168: OK-MG351 | L168: 42906
A169: QUE001885 | B169: Q. alba | C169: Y | D169: 36.21812 | E169: -95.90014 | F169: TulsaOK | G169: OAK-MOR-001381 | H169: USA | I169: OK | J169: Mira Garner; Sara Desmond | K169: OK-MG354 | L169: 42906
A170: QUE001886 | B170: Q. macrocarpa | C170: Y | D170: 35.45351 | E170: -98.35412 | F170: HintonOK | G170: OAK-MOR-001382 | H170: USA | I170: OK | J170: Mira Garner; Sara Desmond | K170: OK-MG355 | L170: 42907
A171: QUE001898 | B171: Q. muehlenbergii | C171: Y | D171: 35.44085 | E171: -98.35471 | F171: HintonOK | G171: OAK-MOR-001383 | H171: USA | I171: OK | J171: Mira Garner; Sara Desmond | K171: OK-MG367 | L171: 42907
A172: QUE001900 | B172: Q. macrocarpa | C172: Y | D172: 35.43874 | E172: -98.35495 | F172: HintonOK | G172: OAK-MOR-001384 | H172: USA | I172: OK | J172: Mira Garner; Sara Desmond | K172: OK-MG369 | L172: 42907
A173: QUE001904 | B173: Q. macrocarpa | C173: Y | D173: 35.17705 | E173: -97.44921 | F173: NormanOK | G173: OAK-MOR-001386 | H173: USA | I173: OK | J173: Mira Garner; Sara Desmond; Abigail Moore | K173: OK-MG373 | L173: 42907
A174: QUE001912 | B174: Q. macrocarpa | C174: Y | D174: 35.17722 | E174: -97.45003 | F174: NormanOK | G174: OAK-MOR-001387 | H174: USA | I174: OK | J174: Mira Garner; Sara Desmond; Abigail Moore | K174: OK-MG381 | L174: 42907
... A189: QUE001985 | B189: Q. macrocarpa | C189: Y | D189: 46.0244 | E189: -91.12945 | F189: RoundLakeWI | G189: OAK-MOR-001408 | H189: USA | I189: WI | J189: Mira Garner; Sara Desmond | K189: WI-MG541 | L189: 42925
A190: QUE002058 | B190: Q. macrocarpa | C190: Y | D190: 38.963586 | E190: -98.58906 | F190: MinookaKS | G190: OAK-MOR-001409 | H190: USA | I190: KS | J190: Ian Pearse | K190: Minooka 3 | L190: NA
A191: QUE002068 | B191: Q. macrocarpa | C191: Y | D191: 38.842944 | E191: -97.588909 | F191: SalinaKS | G191: OAK-MOR-001411 | H191: USA | I191: KS | J191: Ian Pearse | K191: Salina 3 | L191: 2017
A192: QUE002069 | B192: Q. macrocarpa | C192: Y | D192: 38.842944 | E192: -97.588909 | F192: SalinaKS | G192: OAK-MOR-001412 | H192: USA | I192: KS | J192: Ian Pearse | K192: Salina 4 | L192: 2017
A193: QUE002072 | B193: Q. macrocarpa | C193: Y | D193: 39.839311 | E193: -88.367745 | F193: ChickenbristleIL | G193: OAK-MOR-001413 | H193: USA | I193: IL | J193: Ian Pearse | K193: Chickenbristle 1 | L193: NA
A194: QUE002073 | B194: Q. macrocarpa | C194: Y | D194: 39.839311 | E194: -88.367745 | F194: ChickenbristleIL | G194: OAK-MOR-001414 | H194: USA | I194: IL | J194: Ian Pearse | K194: Chickenbristle 2 | L194: NA
A195: QUE002076 | B195: Q. macrocarpa | C195: Y | D195: 39.839311 | E195: -88.367745 | F195: ChickenbristleIL | G195: OAK-MOR-001415 | H195: USA | I195: IL | J195: Ian Pearse | K195: Chickenbristle 5 | L195: NA
A196: QUE002083 | B196: Q. macrocarpa | C196: Y | D196: 37.51651 | E196: -89.44542 | F196: ShawneeIL | G196: OAK-MOR-001416 | H196: USA | I196: IL | J196: Mira Garner; Sara Desmond | K196: IL-MG604 | L196: 42941
A197: QUE002084 | B197: Q. macrocarpa | C197: Y | D197: 37.51726 | E197: -89.44584 | F197: ShawneeIL | G197: OAK-MOR-001417 | H197: USA | I197: IL | J197: Mira Garner; Sara Desmond | K197: IL-MG605 | L197: 42941
A198: QUE002087 | B198: Q. macrocarpa | C198: Y | D198: 38.73603 | E198: -86.41255 | F198: SpringMillIN | G198: OAK-MOR-001418 | H198: USA | I198: IN | J198: Mira Garner; Sara Desmond | K198: IN-MG608 | L198: 42942
A199: QUE002096 | B199: Q. macrocarpa | C199: Y | D199: 38.73833 | E199: -86.41346 | F199: SpringMillIN | G199: OAK-MOR-001420 | H199: USA | I199: IN | J199: Mira Garner; Sara Desmond | K199: IN-MG617 | L199: 42942
A200: QUE002099 | B200: Q. muehlenbergii | C200: Y | D200: 40.45791 | E200: -85.50685 | F200: TaylorIN | G200: OAK-MOR-001421 | H200: USA | I200: IN | J200: Mira Garner; Sara Desmond | K200: IN-MG620 | L200: 42943
A201: QUE002106 | B201: Q. macrocarpa | C201: Y | D201: 40.45911 | E201: -85.50878 | F201: TaylorIN | G201: OAK-MOR-001423 | H201: USA | I201: IN | J201: Mira Garner; Sara Desmond | K201: IN-MG627 | L201: 42943
A202: QUE002109 | B202: Q. alba | C202: Y | D202: 40.45916 | E202: -85.50973 | F202: TaylorIN | G202: OAK-MOR-001425 | H202: USA | I202: IN | J202: Mira Garner; Sara Desmond | K202: IN-MG630 | L202: 42943
A203: QUE002110 | B203: Q. macrocarpa | C203: Y | D203: 41.53273 | E203: -87.2948 | F203: HobartIN | G203: OAK-MOR-001426 | H203: USA | I203: IN | J203: Mira Garner; Sara Desmond | K203: IN-MG631 | L203: 42949
A204: QUE002114 | B204: Q. macrocarpa | C204: Y | D204: 41.53403 | E204: -87.29146 | F204: HobartIN | G204: OAK-MOR-001427 | H204: USA | I204: IN | J204: Mira Garner; Sara Desmond | K204: IN-MG635 | L204: 42949
A205: QUE002119 | B205: Q. macrocarpa | C205: Y | D205: 41.53239 | E205: -87.29708 | F205: HobartIN | G205: OAK-MOR-001428 | H205: USA | I205: IN | J205: Mira Garner; Sara Desmond | K205: IN-MG640 | L205: 42949
A206: QUE002124 | B206: Q. alba | C206: Y | D206: 41.65955 | E206: -87.06218 | F206: DunesIN | G206: OAK-MOR-001429 | H206: USA | I206: IN | J206: Mira Garner; Kasey Pham | K206: IN-MG645 | L206: 42957
A207: QUE002128 | B207: Q. alba | C207: Y | D207: 41.65947 | E207: -87.04994 | F207: DunesIN | G207: OAK-MOR-001430 | H207: USA | I207: IN | J207: Mira Garner; Kasey Pham | K207: IN-MG649 | L207: 42957
... A319: QUE002570 | B319: Q. macrocarpa | C319: Y | D319: 43.76049 | E319: -103.47675 | F319: CusterSD | G319: OAK-MOR-001551 | H319: USA | I319: SD | J319: Jeannine Cavender-Bares | K319: JCB-SD-CSP-1001 | L319: 42965
A320: QUE001632 | B320: Q. macrocarpa | C320: N | D320: NA | E320: NA | F320: NA | G320: OAK-MOR-001552 | H320: USA | I320: IN | J320: Mira Garner & Emma Spence | K320: SH-MG105 | L320: 42886
A321: QUE001633 | B321: Q. macrocarpa | C321: N | D321: NA | E321: NA | F321: NA | G321: OAK-MOR-001553 | H321: USA | I321: NA | J321: Mira Garner & Emma Spence | K321: SH-MG105B | L321: 42886
A322: QUE001635 | B322: Q. macrocarpa | C322: N | D322: NA | E322: NA | F322: NA | G322: OAK-MOR-001555 | H322: na | I322: na | J322: Mira Garner & Emma Spence | K322: SH-MG107 | L322: 42886
A323: QUE001636 | B323: Q. macrocarpa | C323: N | D323: NA | E323: NA | F323: NA | G323: OAK-MOR-001556 | H323: USA | I323: SC | J323: Mira Garner & Emma Spence | K323: SH-MG108 | L323: 42886
A324: QUE001638 | B324: Q. macrocarpa | C324: N | D324: NA | E324: NA | F324: NA | G324: OAK-MOR-001558 | H324: Canada | I324: Manitoba | J324: Mira Garner & Emma Spence | K324: SH-MG110 | L324: 42886
A325: QUE001644 | B325: Q. macrocarpa | C325: N | D325: NA | E325: NA | F325: NA | G325: OAK-MOR-001564 | H325: USA | I325: KS | J325: Mira Garner & Emma Spence | K325: SH-MG116 | L325: 42886
A326: QUE001645 | B326: Q. macrocarpa | C326: N | D326: NA | E326: NA | F326: NA | G326: OAK-MOR-001565 | H326: USA | I326: IL | J326: Mira Garner & Emma Spence | K326: SH-MG117 | L326: 42886
A327: QUE001647 | B327: Q. macrocarpa | C327: N | D327: NA | E327: NA | F327: NA | G327: OAK-MOR-001567 | H327: USA | I327: KS | J327: Mira Garner & Emma Spence | K327: SH-MG119 | L327: 42886
A328: QUE001648 | B328: Q. macrocarpa | C328: N | D328: NA | E328: NA | F328: NA | G328: OAK-MOR-001568 | H328: USA | I328: NE | J328: Mira Garner & Emma Spence | K328: SH-MG120 | L328: 42886
A329: QUE001649 | B329: Q. muehlenbergii | C329: N | D329: NA | E329: NA | F329: NA | G329: OAK-MOR-001569 | H329: USA | I329: ND | J329: Mira Garner & Emma Spence | K329: SH-MG121 | L329: 42886
A330: QUE001650 | B330: Q. macrocarpa | C330: N | D330: NA | E330: NA | F330: NA | G330: OAK-MOR-001570 | H330: USA | I330: OK | J330: Mira Garner & Emma Spence | K330: SH-MG122 | L330: 42886
A331: QUE001651 | B331: Q. macrocarpa | C331: N | D331: NA | E331: NA | F331: NA | G331: OAK-MOR-001571 | H331: USA | I331: KS | J331: Mira Garner & Emma Spence | K331: SH-MG123 | L331: 42886
... A356: QUE001719 | B356: Q. macrocarpa | C356: N | D356: NA | E356: NA | F356: NA | G356: OAK-MOR-001639 | H356: USA | I356: NA | J356: Mira Garner & Emma Spence | K356: SH-MG213 | L356: 42885
A357: QUE001721 | B357: Q. macrocarpa | C357: Y | D357: 39.93549 | E357: -89.80068 | F357: StarhillIL | G357: OAK-MOR-001641 | H357: USA | I357: IL | J357: Mira Garner & Emma Spence | K357: SH-MG215 | L357: 42886
A358: QUE001723 | B358: Q. macrocarpa | C358: N | D358: NA | E358: NA | F358: NA | G358: OAK-MOR-001643 | H358: NA | I358: NA | J358: Mira Garner & Emma Spence | K358: SH-MG217 | L358: 42886
A359: QUE001724 | B359: Q. macrocarpa | C359: N | D359: NA | E359: NA | F359: NA | G359: OAK-MOR-001644 | H359: USA | I359: KS | J359: Mira Garner & Emma Spence | K359: SH-MG218 | L359: 42886
A360: QUE001652 | B360: Q. macrocarpa | C360: N | D360: NA | E360: NA | F360: NA | G360: OAK-MOR-001646 | H360: NA | I360: NA | J360: Mira Garner & Emma Spence | K360: SH-MG124 | L360: 42886
A361: QUE001655 | B361: Q. macrocarpa | C361: N | D361: NA | E361: NA | F361: NA | G361: OAK-MOR-001648|SYST-MOR-6136 | H361: USA | I361: OK | J361: Mira Garner & Emma Spence | K361: SH-MG127 | L361: 42886
A362: QUE001670 | B362: Q. macrocarpa | C362: N | D362: NA | E362: NA | F362: NA | G362: OAK-MOR-001649|SYST-MOR-6137 | H362: USA | I362: NE | J362: Mira Garner & Emma Spence | K362: SH-MG164B | L362: 42885
A363: QUE001673 | B363: Q. macrocarpa | C363: N | D363: NA | E363: NA | F363: NA | G363: OAK-MOR-001650 | H363: USA | I363: IL | J363: Mira Garner & Emma Spence | K363: SH-MG167 | L363: 42885
A364: QUE001680 | B364: Q. macrocarpa | C364: N | D364: NA | E364: NA | F364: NA | G364: SYST-MOR-006138 | H364: USA | I364: NE | J364: Mira Garner & Emma Spence | K364: SH-MG174 | L364: 42885
A365: QUE001682 | B365: Q. macrocarpa | C365: N | D365: NA | E365: NA | F365: NA | G365: SYST-MOR-006139 | H365: USA | I365: MN | J365: Mira Garner & Emma Spence | K365: SH-MG176 | L365: 42885
